pocket_cluster,scaffold_index,count
0.0,0,12
0.0,1,2
0.0,3,55
0.0,4,3
0.0,6,15
0.0,9,7
0.0,13,4
0.0,14,3
0.0,15,4
0.0,17,1
0.0,23,1
0.0,32,2
0.0,36,20
0.0,45,1
0.0,49,2
0.0,59,1
0.0,86,2
0.0,105,1
0.0,125,1
0.0,341,2
0.0,753,1
0.0,761,1
0.0,783,1
0.0,874,2
0.0,888,1
0.0,909,1
0.0,910,1
0.0,915,1
0.0,941,1
0.0,965,1
0.0,1261,8
0.0,1278,4
0.0,1629,1
0.0,1740,1
0.0,1768,1
0.0,1864,1
0.0,1871,1
0.0,1897,1
0.0,1938,8
0.0,2121,1
0.0,2260,1
0.0,2305,1
0.0,2400,1
0.0,2485,1
0.0,2523,2
0.0,2561,1
0.0,2620,1
0.0,2627,1
0.0,2937,1
1.0,0,18
1.0,1,5
1.0,3,36
1.0,4,2
1.0,6,6
1.0,9,5
1.0,13,3
1.0,14,1
1.0,15,2
1.0,17,2
1.0,23,4
1.0,32,5
1.0,36,2
1.0,47,1
1.0,49,6
1.0,59,1
1.0,61,1
1.0,125,1
1.0,210,2
1.0,216,2
1.0,342,1
1.0,874,3
1.0,891,1
1.0,965,7
1.0,1108,2
1.0,1182,13
1.0,1261,86
1.0,1270,3
1.0,1281,2
1.0,1329,5
1.0,1330,7
1.0,1365,2
1.0,1386,1
1.0,1402,1
1.0,1461,1
1.0,1561,1
1.0,2020,1
1.0,2505,2
1.0,2547,1
1.0,2583,1
1.0,2585,2
2.0,0,34
2.0,1,9
2.0,3,112
2.0,4,77
2.0,5,2
2.0,6,39
2.0,9,12
2.0,13,42
2.0,14,27
2.0,17,2
2.0,23,2
2.0,32,6
2.0,36,25
2.0,39,3
2.0,49,1
2.0,59,10
2.0,99,1
2.0,101,1
2.0,105,1
2.0,110,1
2.0,119,1
2.0,121,1
2.0,138,1
2.0,165,1
2.0,191,5
2.0,287,2
2.0,292,2
2.0,300,4
2.0,304,1
2.0,314,1
2.0,426,1
2.0,446,1
2.0,539,1
2.0,547,2
2.0,603,1
2.0,665,2
2.0,757,1
2.0,827,3
2.0,874,1
2.0,1024,1
2.0,1040,1
2.0,1068,1
2.0,1084,2
2.0,1141,1
2.0,1218,3
2.0,1250,1
2.0,1260,3
2.0,1261,20
2.0,1281,2
2.0,1283,4
2.0,1294,2
2.0,1488,3
2.0,1572,1
2.0,1943,1
2.0,1952,1
2.0,2028,2
2.0,2195,1
2.0,2421,3
2.0,2584,3
2.0,2588,2
3.0,0,4
3.0,1,3
3.0,3,45
3.0,4,7
3.0,6,10
3.0,9,6
3.0,13,7
3.0,14,1
3.0,15,1
3.0,17,1
3.0,23,1
3.0,34,2
3.0,36,1
3.0,39,1
3.0,45,1
3.0,49,2
3.0,55,1
3.0,59,1
3.0,64,1
3.0,747,1
3.0,893,1
3.0,1281,1
3.0,1336,1
3.0,1423,1
3.0,1426,1
3.0,1999,1
3.0,2028,4
3.0,2094,1
3.0,2372,1
3.0,2718,1
3.0,2847,1
4.0,0,11
4.0,1,2
4.0,3,122
4.0,4,17
4.0,6,31
4.0,9,24
4.0,13,53
4.0,14,1
4.0,17,7
4.0,32,15
4.0,36,2
4.0,39,1
4.0,44,3
4.0,48,1
4.0,49,1
4.0,59,7
4.0,61,1
4.0,64,1
4.0,86,1
4.0,101,3
4.0,105,3
4.0,117,1
4.0,167,1
4.0,169,1
4.0,205,1
4.0,635,1
4.0,941,1
4.0,999,1
4.0,1054,2
4.0,1087,2
4.0,1112,1
4.0,1130,1
4.0,1163,1
4.0,1195,1
4.0,1216,3
4.0,1260,1
4.0,1261,22
4.0,1309,8
4.0,1433,1
4.0,1773,1
4.0,1839,1
4.0,1985,2
4.0,2036,1
4.0,2157,1
4.0,2344,2
4.0,2626,4
4.0,2699,2
5.0,0,39
5.0,1,7
5.0,3,58
5.0,4,2
5.0,6,10
5.0,9,6
5.0,13,27
5.0,14,4
5.0,15,1
5.0,17,2
5.0,23,1
5.0,32,1
5.0,42,1
5.0,49,1
5.0,59,13
5.0,61,1
5.0,81,1
5.0,95,1
5.0,105,1
5.0,125,1
5.0,216,1
5.0,277,2
5.0,287,1
5.0,297,1
5.0,309,1
5.0,372,1
5.0,429,1
5.0,430,1
5.0,470,1
5.0,570,2
5.0,663,5
5.0,827,2
5.0,886,1
5.0,933,1
5.0,947,1
5.0,1054,1
5.0,1076,2
5.0,1135,4
5.0,1140,1
5.0,1160,1
5.0,1258,2
5.0,1261,2
5.0,1381,1
5.0,1409,1
5.0,1415,1
5.0,1451,1
5.0,1472,1
5.0,1556,1
5.0,1663,1
5.0,1709,2
5.0,1733,1
5.0,1756,1
5.0,1795,1
5.0,1841,1
5.0,1845,2
5.0,2040,1
5.0,2095,1
5.0,2104,4
5.0,2112,2
5.0,2136,2
5.0,2246,1
5.0,2256,2
5.0,2301,2
5.0,2461,1
5.0,2560,1
5.0,2629,1
5.0,2685,1
5.0,2709,4
5.0,2752,2
5.0,2805,2
5.0,2855,1
5.0,2896,1
6.0,0,18
6.0,1,4
6.0,3,112
6.0,4,23
6.0,5,4
6.0,6,79
6.0,9,10
6.0,13,38
6.0,14,8
6.0,17,2
6.0,23,2
6.0,32,7
6.0,39,1
6.0,45,1
6.0,46,1
6.0,49,3
6.0,59,12
6.0,61,2
6.0,92,1
6.0,101,2
6.0,145,1
6.0,165,2
6.0,181,1
6.0,256,1
6.0,300,1
6.0,303,2
6.0,320,1
6.0,352,1
6.0,439,4
6.0,709,1
6.0,790,1
6.0,985,3
6.0,995,1
6.0,1024,1
6.0,1073,1
6.0,1094,2
6.0,1159,1
6.0,1261,1
6.0,1445,1
6.0,1734,1
6.0,1800,1
6.0,1804,1
6.0,1808,1
6.0,1815,1
6.0,2030,1
6.0,2190,1
6.0,2319,1
6.0,2329,2
6.0,2845,1
7.0,0,38
7.0,1,3
7.0,3,10
7.0,13,4
7.0,14,3
7.0,15,1
7.0,34,2
7.0,42,1
7.0,46,1
7.0,49,3
7.0,59,5
7.0,125,1
7.0,277,1
7.0,380,1
7.0,424,1
7.0,663,2
7.0,874,9
7.0,898,1
7.0,934,1
7.0,962,1
7.0,965,1
7.0,1217,1
7.0,1261,41
7.0,1263,2
7.0,1278,2
7.0,1322,2
7.0,1330,4
7.0,1746,1
7.0,2104,3
7.0,2482,1
7.0,2940,1
8.0,0,40
8.0,1,2
8.0,3,34
8.0,4,2
8.0,6,5
8.0,13,2
8.0,14,1
8.0,15,16
8.0,17,6
8.0,30,1
8.0,32,1
8.0,36,13
8.0,38,1
8.0,39,1
8.0,42,1
8.0,45,3
8.0,49,3
8.0,61,1
8.0,86,9
8.0,125,2
8.0,148,2
8.0,153,2
8.0,162,1
8.0,210,1
8.0,227,1
8.0,316,2
8.0,498,1
8.0,638,1
8.0,653,2
8.0,729,1
8.0,874,2
8.0,905,10
8.0,912,1
8.0,965,1
8.0,969,1
8.0,1054,1
8.0,1067,4
8.0,1101,1
8.0,1109,2
8.0,1116,1
8.0,1145,1
8.0,1174,3
8.0,1182,23
8.0,1209,2
8.0,1260,7
8.0,1261,228
8.0,1265,2
8.0,1269,3
8.0,1270,1
8.0,1281,8
8.0,1329,2
8.0,1330,3
8.0,1387,2
8.0,1395,2
8.0,1398,5
8.0,1494,1
8.0,1768,1
8.0,2204,1
8.0,2307,1
8.0,2387,1
8.0,2452,1
8.0,2460,1
8.0,2535,2
8.0,2536,2
8.0,2784,1
8.0,2867,1
9.0,0,59
9.0,1,5
9.0,3,123
9.0,4,13
9.0,6,39
9.0,7,1
9.0,9,22
9.0,12,1
9.0,13,47
9.0,14,15
9.0,17,3
9.0,23,3
9.0,32,4
9.0,36,12
9.0,37,2
9.0,39,2
9.0,45,1
9.0,48,1
9.0,49,6
9.0,59,9
9.0,61,3
9.0,84,1
9.0,86,1
9.0,92,2
9.0,105,4
9.0,125,1
9.0,148,1
9.0,151,4
9.0,212,1
9.0,222,1
9.0,277,2
9.0,300,8
9.0,344,1
9.0,378,1
9.0,386,1
9.0,395,1
9.0,399,1
9.0,404,11
9.0,417,1
9.0,428,2
9.0,507,1
9.0,547,1
9.0,586,1
9.0,593,1
9.0,611,1
9.0,663,71
9.0,665,1
9.0,678,2
9.0,695,1
9.0,707,1
9.0,815,3
9.0,829,1
9.0,867,1
9.0,874,2
9.0,891,1
9.0,1054,18
9.0,1055,1
9.0,1150,2
9.0,1173,1
9.0,1182,1
9.0,1223,6
9.0,1261,8
9.0,1273,2
9.0,1321,10
9.0,1384,12
9.0,1407,1
9.0,1577,1
9.0,1601,1
9.0,1670,1
9.0,1803,1
9.0,1899,2
9.0,1973,1
9.0,2002,2
9.0,2024,2
9.0,2034,2
9.0,2042,1
9.0,2080,2
9.0,2114,1
9.0,2277,1
9.0,2376,2
9.0,2398,1
9.0,2530,1
9.0,2540,1
9.0,2593,1
9.0,2605,2
9.0,2649,1
9.0,2665,1
9.0,2721,1
9.0,2787,1
10.0,0,31
10.0,3,48
10.0,4,15
10.0,6,13
10.0,9,5
10.0,12,3
10.0,13,24
10.0,14,8
10.0,17,3
10.0,23,3
10.0,36,7
10.0,39,1
10.0,59,3
10.0,64,1
10.0,86,1
10.0,105,2
10.0,165,1
10.0,181,1
10.0,295,1
10.0,383,1
10.0,578,2
10.0,665,1
10.0,929,1
10.0,1083,2
10.0,1109,1
10.0,1182,5
10.0,1260,2
10.0,1346,4
10.0,1355,1
10.0,1537,1
10.0,1542,1
10.0,1589,1
10.0,1612,3
10.0,1657,1
10.0,1747,1
10.0,2006,2
10.0,2202,3
10.0,2279,1
10.0,2401,2
10.0,2404,1
10.0,2485,2
10.0,2614,1
10.0,2744,4
11.0,0,87
11.0,1,4
11.0,3,25
11.0,4,5
11.0,6,3
11.0,9,6
11.0,13,11
11.0,14,5
11.0,15,4
11.0,17,5
11.0,23,3
11.0,32,1
11.0,36,5
11.0,46,2
11.0,49,2
11.0,54,1
11.0,59,2
11.0,64,8
11.0,86,5
11.0,105,3
11.0,121,4
11.0,149,2
11.0,200,1
11.0,387,1
11.0,393,1
11.0,428,2
11.0,454,1
11.0,638,1
11.0,642,1
11.0,663,4
11.0,815,1
11.0,822,7
11.0,903,1
11.0,953,1
11.0,1011,1
11.0,1183,1
11.0,1260,2
11.0,1261,110
11.0,1262,2
11.0,1286,2
11.0,1329,1
11.0,1330,1
11.0,1367,1
11.0,1395,3
11.0,1758,2
11.0,1774,1
11.0,1966,1
11.0,2104,4
11.0,2131,1
11.0,2302,1
11.0,2362,1
11.0,2432,1
11.0,2684,1
11.0,2701,1
11.0,2831,1
11.0,2878,1
11.0,2892,1
11.0,2949,1
12.0,0,29
12.0,1,12
12.0,3,68
12.0,4,8
12.0,6,4
12.0,9,2
12.0,13,7
12.0,14,5
12.0,17,1
12.0,23,1
12.0,30,1
12.0,32,4
12.0,36,1
12.0,49,3
12.0,52,1
12.0,61,1
12.0,67,1
12.0,105,3
12.0,121,3
12.0,125,9
12.0,165,3
12.0,200,1
12.0,266,2
12.0,318,8
12.0,358,1
12.0,359,1
12.0,379,6
12.0,426,2
12.0,437,1
12.0,439,1
12.0,456,1
12.0,499,1
12.0,557,1
12.0,563,1
12.0,614,1
12.0,701,1
12.0,883,1
12.0,985,3
12.0,1054,1
12.0,1060,1
12.0,1128,4
12.0,1175,1
12.0,1182,10
12.0,1239,1
12.0,1278,1
12.0,1416,1
12.0,1417,1
12.0,1610,1
12.0,1630,1
12.0,1649,1
12.0,1660,1
12.0,1685,1
12.0,1776,1
12.0,1812,2
12.0,1843,2
12.0,1930,1
12.0,1974,2
12.0,2092,2
12.0,2108,1
12.0,2137,1
12.0,2256,1
12.0,2317,1
12.0,2324,1
12.0,2388,1
12.0,2424,1
12.0,2430,1
12.0,2445,1
12.0,2671,1
12.0,2687,1
12.0,2693,1
12.0,2884,1
12.0,2900,1
13.0,0,34
13.0,1,6
13.0,3,182
13.0,4,53
13.0,6,40
13.0,9,3
13.0,13,28
13.0,14,2
13.0,15,2
13.0,17,3
13.0,32,10
13.0,36,17
13.0,39,1
13.0,49,4
13.0,59,10
13.0,90,1
13.0,100,1
13.0,101,1
13.0,125,2
13.0,191,2
13.0,266,1
13.0,274,2
13.0,314,1
13.0,388,1
13.0,405,3
13.0,484,1
13.0,651,3
13.0,687,3
13.0,874,1
13.0,992,1
13.0,1084,1
13.0,1109,1
13.0,1138,1
13.0,1141,1
13.0,1168,2
13.0,1202,2
13.0,1214,3
13.0,1261,58
13.0,1281,13
13.0,1324,4
13.0,1352,2
13.0,1359,1
13.0,1374,7
13.0,1389,3
13.0,1435,1
13.0,1464,1
13.0,1623,1
13.0,1707,1
13.0,1819,2
13.0,2130,1
13.0,2341,1
13.0,2454,1
13.0,2762,1
13.0,2778,1
13.0,2836,1
13.0,2901,1
14.0,0,32
14.0,1,6
14.0,3,32
14.0,4,11
14.0,5,1
14.0,6,3
14.0,13,7
14.0,14,3
14.0,15,1
14.0,17,1
14.0,23,1
14.0,36,15
14.0,39,1
14.0,46,1
14.0,49,1
14.0,59,2
14.0,67,1
14.0,86,2
14.0,125,1
14.0,200,1
14.0,210,1
14.0,231,1
14.0,404,3
14.0,492,1
14.0,716,1
14.0,751,6
14.0,874,1
14.0,905,1
14.0,1054,2
14.0,1158,1
14.0,1171,1
14.0,1182,3
14.0,1195,1
14.0,1202,1
14.0,1214,1
14.0,1260,1
14.0,1261,182
14.0,1267,1
14.0,1281,16
14.0,1330,2
14.0,1331,2
14.0,1352,2
14.0,1370,8
14.0,1689,1
14.0,1781,3
14.0,2188,1
14.0,2225,2
14.0,2743,1
14.0,2814,2
15.0,0,21
15.0,1,50
15.0,3,50
15.0,4,50
15.0,6,10
15.0,9,9
15.0,13,41
15.0,14,14
15.0,17,5
15.0,32,1
15.0,36,10
15.0,39,1
15.0,49,2
15.0,59,11
15.0,101,1
15.0,138,3
15.0,151,1
15.0,181,1
15.0,219,1
15.0,300,1
15.0,492,4
15.0,534,1
15.0,645,1
15.0,660,1
15.0,670,1
15.0,679,1
15.0,684,1
15.0,878,1
15.0,1041,1
15.0,1188,3
15.0,1223,1
15.0,1914,1
15.0,1927,2
15.0,1965,1
15.0,2216,1
15.0,2263,1
15.0,2303,1
15.0,2343,1
15.0,2450,3
15.0,2634,2
15.0,2876,1
15.0,2898,1
15.0,2908,1
15.0,2947,1
16.0,0,21
16.0,3,47
16.0,4,13
16.0,6,6
16.0,9,1
16.0,13,8
16.0,14,10
16.0,19,1
16.0,23,1
16.0,30,4
16.0,36,1
16.0,39,2
16.0,59,4
16.0,61,3
16.0,100,4
16.0,105,1
16.0,167,1
16.0,181,10
16.0,189,1
16.0,250,2
16.0,301,1
16.0,334,1
16.0,344,1
16.0,363,1
16.0,366,2
16.0,402,1
16.0,430,1
16.0,477,1
16.0,487,1
16.0,530,1
16.0,602,1
16.0,646,1
16.0,690,1
16.0,717,1
16.0,741,1
16.0,840,1
16.0,879,13
16.0,970,1
16.0,985,3
16.0,1018,1
16.0,1175,2
16.0,1182,2
16.0,1489,1
16.0,1526,1
16.0,1696,2
16.0,1777,1
16.0,1804,2
16.0,1917,2
16.0,1932,2
16.0,1961,1
16.0,1998,2
16.0,2092,2
16.0,2151,2
16.0,2168,2
16.0,2207,1
16.0,2248,1
16.0,2300,2
16.0,2314,1
16.0,2367,3
16.0,2492,1
16.0,2569,2
16.0,2587,4
16.0,2709,4
16.0,2794,2
16.0,2837,1
16.0,2893,1
16.0,2948,3
17.0,0,48
17.0,1,3
17.0,3,42
17.0,4,1
17.0,6,2
17.0,9,5
17.0,13,14
17.0,15,8
17.0,17,9
17.0,23,4
17.0,36,10
17.0,42,1
17.0,45,2
17.0,46,1
17.0,48,1
17.0,49,1
17.0,59,15
17.0,64,2
17.0,86,1
17.0,101,2
17.0,210,3
17.0,226,1
17.0,266,2
17.0,311,1
17.0,316,4
17.0,380,1
17.0,383,1
17.0,874,10
17.0,965,1
17.0,1054,7
17.0,1066,2
17.0,1129,1
17.0,1182,4
17.0,1197,1
17.0,1244,1
17.0,1260,10
17.0,1261,270
17.0,1263,8
17.0,1272,3
17.0,1276,1
17.0,1277,1
17.0,1280,1
17.0,1281,48
17.0,1286,2
17.0,1288,1
17.0,1330,5
17.0,1331,2
17.0,1395,1
17.0,1583,1
17.0,1590,1
17.0,1671,1
17.0,1775,1
17.0,1854,1
17.0,2047,1
17.0,2289,1
17.0,2419,1
17.0,2494,1
17.0,2507,1
17.0,2554,2
17.0,2581,1
17.0,2704,4
17.0,2712,1
17.0,2913,1
18.0,0,28
18.0,1,8
18.0,3,120
18.0,4,38
18.0,6,49
18.0,9,10
18.0,13,19
18.0,14,27
18.0,17,2
18.0,23,2
18.0,32,6
18.0,36,3
18.0,39,2
18.0,45,1
18.0,48,1
18.0,49,2
18.0,59,2
18.0,61,1
18.0,64,1
18.0,100,1
18.0,104,1
18.0,109,1
18.0,138,3
18.0,330,1
18.0,385,1
18.0,397,1
18.0,438,2
18.0,564,1
18.0,625,1
18.0,782,1
18.0,957,1
18.0,988,1
18.0,990,1
18.0,1024,2
18.0,1052,1
18.0,1073,3
18.0,1173,1
18.0,1261,1
18.0,1294,1
18.0,1314,2
18.0,1346,1
18.0,1353,1
18.0,1361,2
18.0,1684,1
18.0,1703,1
18.0,2208,2
18.0,2551,1
18.0,2611,4
18.0,2639,1
18.0,2782,2
18.0,2830,1
19.0,0,43
19.0,1,4
19.0,3,78
19.0,4,15
19.0,6,4
19.0,9,6
19.0,13,37
19.0,14,10
19.0,15,1
19.0,17,5
19.0,23,8
19.0,32,10
19.0,34,1
19.0,36,16
19.0,39,2
19.0,48,2
19.0,49,4
19.0,59,11
19.0,61,1
19.0,90,1
19.0,101,2
19.0,105,4
19.0,107,1
19.0,121,1
19.0,165,1
19.0,185,1
19.0,191,4
19.0,219,8
19.0,300,8
19.0,312,1
19.0,539,1
19.0,647,1
19.0,663,8
19.0,725,1
19.0,755,1
19.0,874,2
19.0,891,4
19.0,1063,4
19.0,1089,3
19.0,1092,1
19.0,1182,2
19.0,1217,1
19.0,1245,1
19.0,1261,7
19.0,1292,1
19.0,1332,1
19.0,1334,1
19.0,1344,9
19.0,1382,2
19.0,1383,6
19.0,1495,1
19.0,1496,1
19.0,1857,2
19.0,1938,1
19.0,2156,1
19.0,2228,2
19.0,2254,2
19.0,2292,1
19.0,2345,1
19.0,2364,1
19.0,2560,1
19.0,2708,1
19.0,2754,1
19.0,2865,1
19.0,2942,2
19.0,2943,1
20.0,0,30
20.0,1,3
20.0,3,17
20.0,4,12
20.0,6,10
20.0,9,6
20.0,13,11
20.0,17,2
20.0,23,1
20.0,32,1
20.0,34,1
20.0,36,7
20.0,59,7
20.0,64,1
20.0,105,2
20.0,121,6
20.0,287,1
20.0,352,1
20.0,389,1
20.0,404,28
20.0,620,3
20.0,663,6
20.0,874,1
20.0,986,1
20.0,1103,4
20.0,1156,5
20.0,1171,2
20.0,1202,2
20.0,1240,1
20.0,1261,48
20.0,1281,4
20.0,1299,2
20.0,1313,1
20.0,1454,1
20.0,1747,2
20.0,2104,1
20.0,2313,1
20.0,2316,1
21.0,0,83
21.0,1,2
21.0,3,51
21.0,5,2
21.0,6,10
21.0,9,1
21.0,13,4
21.0,15,13
21.0,17,5
21.0,23,1
21.0,36,1
21.0,48,2
21.0,49,1
21.0,59,6
21.0,64,18
21.0,86,1
21.0,98,1
21.0,148,1
21.0,153,1
21.0,157,1
21.0,188,2
21.0,210,7
21.0,215,1
21.0,231,2
21.0,239,1
21.0,311,1
21.0,352,1
21.0,378,1
21.0,405,1
21.0,411,1
21.0,445,1
21.0,474,1
21.0,488,5
21.0,493,1
21.0,542,1
21.0,605,1
21.0,627,1
21.0,669,1
21.0,770,1
21.0,905,1
21.0,1024,2
21.0,1130,2
21.0,1182,9
21.0,1260,2
21.0,1261,70
21.0,1263,1
21.0,1268,1
21.0,1281,2
21.0,1330,3
21.0,1367,1
21.0,1497,1
21.0,1757,2
21.0,1806,1
21.0,1828,2
21.0,1909,3
21.0,1968,1
21.0,1980,2
21.0,2066,1
21.0,2161,1
21.0,2203,1
21.0,2269,1
21.0,2350,1
21.0,2418,1
21.0,2563,1
21.0,2688,1
21.0,2739,2
21.0,2940,1
22.0,0,99
22.0,1,2
22.0,3,6
22.0,4,1
22.0,6,1
22.0,15,3
22.0,32,1
22.0,36,1
22.0,46,5
22.0,48,1
22.0,49,5
22.0,58,1
22.0,59,1
22.0,64,7
22.0,104,2
22.0,124,1
22.0,125,2
22.0,338,1
22.0,386,1
22.0,390,1
22.0,405,1
22.0,435,1
22.0,445,1
22.0,472,1
22.0,554,1
22.0,710,2
22.0,737,1
22.0,790,1
22.0,874,1
22.0,907,1
22.0,965,1
22.0,1054,1
22.0,1182,21
22.0,1260,3
22.0,1261,141
22.0,1263,1
22.0,1268,1
22.0,1281,6
22.0,1289,4
22.0,1387,1
22.0,1492,1
22.0,1988,1
22.0,2210,2
22.0,2252,1
22.0,2546,3
22.0,2817,1
23.0,0,106
23.0,1,7
23.0,3,30
23.0,5,1
23.0,6,5
23.0,7,2
23.0,9,4
23.0,13,8
23.0,14,1
23.0,15,4
23.0,17,3
23.0,34,1
23.0,36,4
23.0,42,1
23.0,46,2
23.0,48,1
23.0,49,4
23.0,59,5
23.0,61,3
23.0,64,5
23.0,86,2
23.0,167,1
23.0,200,1
23.0,210,1
23.0,216,1
23.0,277,1
23.0,318,1
23.0,320,1
23.0,345,1
23.0,352,1
23.0,377,1
23.0,383,1
23.0,386,1
23.0,481,1
23.0,493,1
23.0,512,1
23.0,584,1
23.0,619,1
23.0,653,1
23.0,658,2
23.0,663,3
23.0,762,1
23.0,777,1
23.0,783,1
23.0,792,1
23.0,793,1
23.0,874,2
23.0,881,1
23.0,965,3
23.0,1125,4
23.0,1182,23
23.0,1183,1
23.0,1203,3
23.0,1217,1
23.0,1260,5
23.0,1261,85
23.0,1262,3
23.0,1263,3
23.0,1281,2
23.0,1326,1
23.0,1330,1
23.0,1419,2
23.0,1487,1
23.0,1497,1
23.0,1601,1
23.0,1620,1
23.0,1663,1
23.0,1749,1
23.0,1774,1
23.0,1828,1
23.0,1848,1
23.0,1858,1
23.0,1984,2
23.0,1992,1
23.0,2063,2
23.0,2104,4
23.0,2119,1
23.0,2179,1
23.0,2192,1
23.0,2258,1
23.0,2290,1
23.0,2326,1
23.0,2362,1
23.0,2506,2
23.0,2531,1
23.0,2747,1
23.0,2774,1
23.0,2793,1
23.0,2808,4
23.0,2950,1
24.0,0,28
24.0,1,8
24.0,3,74
24.0,4,7
24.0,6,5
24.0,9,3
24.0,11,1
24.0,13,5
24.0,14,15
24.0,17,5
24.0,23,1
24.0,30,1
24.0,36,3
24.0,39,1
24.0,42,4
24.0,45,2
24.0,48,1
24.0,49,2
24.0,59,5
24.0,74,1
24.0,86,1
24.0,90,1
24.0,95,1
24.0,98,1
24.0,101,1
24.0,105,3
24.0,121,2
24.0,125,7
24.0,138,2
24.0,139,1
24.0,162,1
24.0,165,1
24.0,250,1
24.0,263,1
24.0,297,1
24.0,327,1
24.0,341,1
24.0,411,1
24.0,445,1
24.0,532,1
24.0,543,1
24.0,567,2
24.0,598,1
24.0,607,1
24.0,679,2
24.0,729,1
24.0,785,1
24.0,813,1
24.0,815,1
24.0,850,1
24.0,882,1
24.0,929,1
24.0,976,1
24.0,977,1
24.0,1129,3
24.0,1146,3
24.0,1175,2
24.0,1182,6
24.0,1261,11
24.0,1278,1
24.0,1306,1
24.0,1339,5
24.0,1351,1
24.0,1353,1
24.0,1385,12
24.0,1486,2
24.0,1547,2
24.0,1559,2
24.0,1603,1
24.0,1678,1
24.0,1685,1
24.0,1776,2
24.0,1807,1
24.0,1885,2
24.0,1923,1
24.0,1953,1
24.0,1997,1
24.0,2011,1
24.0,2295,1
24.0,2312,1
24.0,2334,1
24.0,2388,1
24.0,2424,2
24.0,2438,1
24.0,2580,1
24.0,2590,2
24.0,2592,2
24.0,2631,1
24.0,2775,2
24.0,2861,1
24.0,2873,1
24.0,2887,1
24.0,2899,1
24.0,2919,2
25.0,0,25
25.0,1,1
25.0,2,1
25.0,3,91
25.0,4,1
25.0,6,4
25.0,13,5
25.0,14,2
25.0,15,4
25.0,17,1
25.0,23,6
25.0,30,1
25.0,32,2
25.0,36,17
25.0,42,1
25.0,48,2
25.0,59,1
25.0,86,1
25.0,121,3
25.0,181,3
25.0,290,1
25.0,341,1
25.0,532,1
25.0,694,1
25.0,874,3
25.0,905,1
25.0,912,1
25.0,1110,1
25.0,1182,2
25.0,1260,7
25.0,1261,11
25.0,1281,1
25.0,1330,12
25.0,1355,1
25.0,1376,1
25.0,1877,1
25.0,2006,1
25.0,2197,1
25.0,2292,4
25.0,2543,4
25.0,2634,1
26.0,0,9
26.0,1,4
26.0,3,64
26.0,4,5
26.0,6,20
26.0,9,12
26.0,13,6
26.0,14,11
26.0,15,2
26.0,17,2
26.0,36,14
26.0,42,1
26.0,45,1
26.0,47,1
26.0,59,2
26.0,61,1
26.0,65,1
26.0,86,2
26.0,105,2
26.0,125,2
26.0,151,1
26.0,165,1
26.0,180,1
26.0,254,1
26.0,297,4
26.0,306,1
26.0,320,1
26.0,326,1
26.0,332,1
26.0,379,1
26.0,428,1
26.0,475,1
26.0,492,2
26.0,625,2
26.0,722,1
26.0,768,1
26.0,790,1
26.0,882,1
26.0,965,1
26.0,1024,1
26.0,1123,2
26.0,1129,1
26.0,1182,1
26.0,1261,1
26.0,1320,3
26.0,1392,14
26.0,2021,1
26.0,2256,2
26.0,2523,1
26.0,2727,1
26.0,2778,1
27.0,0,13
27.0,1,4
27.0,3,159
27.0,4,6
27.0,6,7
27.0,9,3
27.0,13,17
27.0,14,4
27.0,15,1
27.0,23,5
27.0,36,12
27.0,42,2
27.0,59,3
27.0,86,1
27.0,210,6
27.0,215,1
27.0,653,1
27.0,874,1
27.0,1105,2
27.0,1145,1
27.0,1163,1
27.0,1202,1
27.0,1236,1
27.0,1241,4
27.0,1250,2
27.0,1261,4
27.0,1262,2
27.0,1304,1
27.0,1849,2
27.0,1908,1
27.0,2353,1
27.0,2600,1
28.0,0,15
28.0,1,5
28.0,3,34
28.0,4,7
28.0,6,5
28.0,9,2
28.0,13,7
28.0,14,16
28.0,23,1
28.0,30,1
28.0,32,6
28.0,36,3
28.0,59,9
28.0,61,1
28.0,71,1
28.0,86,1
28.0,125,1
28.0,140,1
28.0,165,1
28.0,167,1
28.0,216,1
28.0,287,1
28.0,314,2
28.0,356,2
28.0,379,1
28.0,414,1
28.0,491,1
28.0,568,1
28.0,938,1
28.0,965,1
28.0,1006,1
28.0,1054,1
28.0,1095,2
28.0,1126,1
28.0,1223,2
28.0,1301,1
28.0,1485,1
28.0,1491,1
28.0,1593,1
28.0,1636,1
28.0,1696,3
28.0,1733,1
28.0,1787,1
28.0,1937,1
28.0,2005,2
28.0,2183,1
28.0,2230,1
28.0,2238,1
28.0,2285,2
28.0,2389,1
28.0,2455,1
28.0,2474,3
28.0,2523,2
28.0,2582,1
28.0,2691,1
28.0,2796,2
28.0,2811,1
29.0,0,43
29.0,1,3
29.0,3,110
29.0,4,32
29.0,5,2
29.0,6,45
29.0,9,29
29.0,13,70
29.0,14,22
29.0,17,1
29.0,23,3
29.0,32,7
29.0,36,9
29.0,39,2
29.0,49,2
29.0,59,6
29.0,105,3
29.0,154,1
29.0,165,3
29.0,191,1
29.0,215,1
29.0,238,1
29.0,282,1
29.0,297,5
29.0,383,1
29.0,426,1
29.0,439,1
29.0,501,1
29.0,516,1
29.0,869,1
29.0,874,6
29.0,963,1
29.0,992,1
29.0,1064,2
29.0,1070,1
29.0,1107,1
29.0,1109,1
29.0,1163,1
29.0,1182,1
29.0,1186,2
29.0,1191,1
29.0,1206,2
29.0,1261,16
29.0,1281,5
29.0,1294,1
29.0,1336,1
29.0,1374,8
29.0,1463,1
29.0,1751,1
29.0,1915,2
29.0,1952,1
29.0,2014,1
29.0,2332,1
29.0,2429,3
29.0,2467,1
29.0,2472,1
29.0,2541,2
29.0,2549,1
29.0,2897,1
29.0,2955,2
30.0,0,16
30.0,1,4
30.0,3,20
30.0,6,4
30.0,7,1
30.0,9,1
30.0,13,6
30.0,14,2
30.0,15,5
30.0,17,2
30.0,32,1
30.0,36,16
30.0,49,1
30.0,59,10
30.0,86,3
30.0,101,6
30.0,159,1
30.0,181,1
30.0,297,1
30.0,344,1
30.0,492,3
30.0,663,3
30.0,805,1
30.0,874,7
30.0,961,1
30.0,1051,1
30.0,1068,2
30.0,1119,1
30.0,1151,1
30.0,1175,1
30.0,1182,1
30.0,1261,118
30.0,1281,17
30.0,1303,2
30.0,1329,1
30.0,1330,5
30.0,1338,6
30.0,1352,2
30.0,1364,1
30.0,1395,1
30.0,1427,2
30.0,1860,2
30.0,2441,1
30.0,2544,1
30.0,2555,1
30.0,2606,4
30.0,2760,1
30.0,2904,1
30.0,2932,1
31.0,0,30
31.0,1,5
31.0,3,51
31.0,4,15
31.0,6,21
31.0,7,1
31.0,9,4
31.0,12,3
31.0,13,31
31.0,14,13
31.0,32,2
31.0,36,15
31.0,42,2
31.0,48,3
31.0,49,1
31.0,59,1
31.0,61,1
31.0,86,1
31.0,100,1
31.0,165,2
31.0,191,2
31.0,272,1
31.0,290,1
31.0,314,1
31.0,404,1
31.0,455,1
31.0,644,1
31.0,739,1
31.0,874,1
31.0,891,4
31.0,965,1
31.0,976,1
31.0,1060,1
31.0,1182,3
31.0,1222,1
31.0,1260,4
31.0,1261,10
31.0,1281,1
31.0,1299,1
31.0,1372,2
31.0,1390,2
31.0,1392,1
31.0,1404,2
31.0,2351,1
31.0,2425,1
31.0,2634,1
31.0,2910,1
32.0,0,35
32.0,1,10
32.0,3,102
32.0,4,12
32.0,6,20
32.0,9,5
32.0,13,24
32.0,14,5
32.0,15,1
32.0,17,1
32.0,25,1
32.0,32,1
32.0,42,3
32.0,46,1
32.0,48,1
32.0,49,2
32.0,59,3
32.0,75,1
32.0,86,1
32.0,96,1
32.0,104,8
32.0,105,2
32.0,121,1
32.0,123,1
32.0,125,4
32.0,165,2
32.0,170,3
32.0,175,1
32.0,266,4
32.0,294,1
32.0,297,3
32.0,303,1
32.0,314,1
32.0,318,1
32.0,404,2
32.0,436,1
32.0,439,2
32.0,483,1
32.0,492,1
32.0,531,1
32.0,574,1
32.0,580,1
32.0,632,1
32.0,680,1
32.0,693,1
32.0,716,1
32.0,790,4
32.0,809,1
32.0,849,1
32.0,851,1
32.0,874,1
32.0,932,1
32.0,989,1
32.0,1026,1
32.0,1054,1
32.0,1109,1
32.0,1150,1
32.0,1159,1
32.0,1160,1
32.0,1173,3
32.0,1182,1
32.0,1189,3
32.0,1306,1
32.0,1361,1
32.0,1446,1
32.0,1573,1
32.0,1655,1
32.0,1701,1
32.0,1733,1
32.0,1918,1
32.0,1919,1
32.0,2043,2
32.0,2045,2
32.0,2084,2
32.0,2108,1
32.0,2120,1
32.0,2227,1
32.0,2265,1
32.0,2330,1
32.0,2500,4
32.0,2507,1
32.0,2575,2
32.0,2719,1
32.0,2779,1
32.0,2786,2
32.0,2801,1
32.0,2810,4
32.0,2837,1
32.0,2920,1
33.0,0,77
33.0,1,2
33.0,3,5
33.0,4,2
33.0,9,1
33.0,13,4
33.0,15,6
33.0,17,10
33.0,23,7
33.0,32,1
33.0,36,5
33.0,46,1
33.0,47,1
33.0,49,2
33.0,59,2
33.0,60,1
33.0,64,3
33.0,85,1
33.0,86,2
33.0,104,1
33.0,157,1
33.0,210,8
33.0,223,2
33.0,266,1
33.0,342,1
33.0,386,1
33.0,415,1
33.0,445,1
33.0,468,1
33.0,611,1
33.0,663,3
33.0,665,1
33.0,674,1
33.0,800,1
33.0,838,1
33.0,874,3
33.0,891,2
33.0,913,1
33.0,969,8
33.0,1115,1
33.0,1143,1
33.0,1174,3
33.0,1182,24
33.0,1184,1
33.0,1203,1
33.0,1217,1
33.0,1219,6
33.0,1260,3
33.0,1261,168
33.0,1262,2
33.0,1268,1
33.0,1281,13
33.0,1286,2
33.0,1298,1
33.0,1329,2
33.0,1330,5
33.0,1387,2
33.0,1395,6
33.0,1675,1
33.0,1676,1
33.0,1739,1
33.0,1869,1
33.0,2098,2
33.0,2167,1
33.0,2335,1
33.0,2390,2
33.0,2505,1
33.0,2578,2
33.0,2911,2
33.0,2950,1
34.0,0,22
34.0,1,14
34.0,3,54
34.0,4,4
34.0,6,8
34.0,9,2
34.0,13,33
34.0,14,6
34.0,17,1
34.0,36,6
34.0,49,4
34.0,64,1
34.0,86,2
34.0,101,1
34.0,105,1
34.0,167,1
34.0,214,1
34.0,266,1
34.0,492,1
34.0,710,1
34.0,874,2
34.0,884,1
34.0,1063,8
34.0,1089,1
34.0,1175,1
34.0,1182,4
34.0,1217,1
34.0,1238,1
34.0,1261,53
34.0,1281,3
34.0,1716,2
34.0,1764,1
34.0,1817,1
34.0,1820,1
34.0,1830,1
34.0,2616,2
34.0,2798,2
34.0,2954,2
35.0,0,26
35.0,1,7
35.0,3,59
35.0,4,3
35.0,6,13
35.0,9,2
35.0,13,27
35.0,14,6
35.0,15,1
35.0,23,4
35.0,30,1
35.0,32,1
35.0,36,1
35.0,48,3
35.0,49,1
35.0,59,7
35.0,86,7
35.0,266,2
35.0,318,1
35.0,710,1
35.0,867,1
35.0,1035,1
35.0,1063,6
35.0,1158,1
35.0,1260,1
35.0,1261,4
35.0,1321,3
35.0,1395,1
35.0,1566,1
35.0,1712,1
35.0,2213,1
35.0,2263,1
35.0,2418,2
35.0,2632,1
36.0,0,20
36.0,1,6
36.0,3,68
36.0,4,22
36.0,5,1
36.0,6,25
36.0,9,9
36.0,13,34
36.0,14,15
36.0,16,1
36.0,32,14
36.0,42,3
36.0,49,2
36.0,59,8
36.0,122,1
36.0,192,1
36.0,197,1
36.0,300,1
36.0,313,1
36.0,439,2
36.0,482,1
36.0,492,1
36.0,495,1
36.0,543,1
36.0,603,1
36.0,612,1
36.0,623,1
36.0,643,1
36.0,699,1
36.0,927,1
36.0,1021,1
36.0,1092,4
36.0,1182,8
36.0,1274,2
36.0,1428,1
36.0,1468,1
36.0,1500,1
36.0,1586,1
36.0,1697,1
36.0,1751,2
36.0,1787,1
36.0,1804,4
36.0,1813,1
36.0,1814,1
36.0,1850,1
36.0,1898,1
36.0,1905,1
36.0,2053,1
36.0,2059,1
36.0,2076,1
36.0,2211,2
36.0,2276,1
36.0,2343,1
36.0,2396,1
36.0,2509,1
36.0,2634,2
37.0,0,38
37.0,1,10
37.0,3,37
37.0,4,5
37.0,6,15
37.0,9,5
37.0,13,29
37.0,14,13
37.0,23,4
37.0,32,10
37.0,36,22
37.0,39,1
37.0,42,2
37.0,45,1
37.0,49,3
37.0,59,5
37.0,61,1
37.0,62,1
37.0,89,1
37.0,155,1
37.0,169,1
37.0,184,1
37.0,239,1
37.0,314,2
37.0,465,1
37.0,507,1
37.0,692,1
37.0,745,1
37.0,929,1
37.0,941,1
37.0,943,1
37.0,1098,2
37.0,1182,2
37.0,1237,4
37.0,1254,2
37.0,1260,2
37.0,1261,6
37.0,1262,4
37.0,1334,1
37.0,1341,12
37.0,1355,4
37.0,1550,1
37.0,1714,1
37.0,1722,1
37.0,1768,1
37.0,1791,1
37.0,1864,1
37.0,1877,1
37.0,1952,4
37.0,2015,2
37.0,2125,2
37.0,2292,2
37.0,2372,1
37.0,2391,3
37.0,2595,2
37.0,2614,1
37.0,2744,2
37.0,2840,1
37.0,2922,2
38.0,0,11
38.0,1,5
38.0,3,64
38.0,4,14
38.0,6,28
38.0,9,14
38.0,13,35
38.0,14,7
38.0,15,2
38.0,17,1
38.0,23,3
38.0,32,4
38.0,34,1
38.0,39,3
38.0,42,2
38.0,49,3
38.0,59,15
38.0,61,3
38.0,101,1
38.0,104,1
38.0,105,18
38.0,152,1
38.0,181,2
38.0,300,1
38.0,320,1
38.0,343,1
38.0,438,2
38.0,539,1
38.0,940,1
38.0,1188,3
38.0,1283,4
38.0,1796,1
38.0,1907,1
38.0,1917,2
38.0,2062,1
38.0,2284,1
38.0,2456,3
38.0,2560,2
38.0,2701,1
38.0,2754,1
38.0,2947,1
39.0,0,13
39.0,1,8
39.0,3,86
39.0,4,5
39.0,6,8
39.0,8,1
39.0,9,3
39.0,13,15
39.0,14,11
39.0,17,4
39.0,23,6
39.0,32,7
39.0,36,3
39.0,49,1
39.0,59,11
39.0,61,1
39.0,64,1
39.0,101,3
39.0,125,1
39.0,183,1
39.0,246,1
39.0,266,1
39.0,469,1
39.0,502,1
39.0,520,1
39.0,533,1
39.0,558,1
39.0,570,2
39.0,671,1
39.0,778,1
39.0,827,2
39.0,1093,1
39.0,1301,1
39.0,1463,1
39.0,1479,1
39.0,1679,1
39.0,1731,1
39.0,1732,1
39.0,1749,1
39.0,1762,1
39.0,1804,1
39.0,1866,3
39.0,1938,8
39.0,1965,1
39.0,2071,2
39.0,2072,2
39.0,2075,2
39.0,2106,1
39.0,2293,1
39.0,2296,2
39.0,2308,1
39.0,2360,1
39.0,2437,3
39.0,2455,1
39.0,2614,1
39.0,2655,1
39.0,2746,2
39.0,2811,1
40.0,0,35
40.0,1,1
40.0,3,165
40.0,4,3
40.0,6,11
40.0,9,6
40.0,13,11
40.0,14,3
40.0,15,7
40.0,17,2
40.0,23,2
40.0,36,12
40.0,39,1
40.0,42,2
40.0,49,2
40.0,59,19
40.0,61,2
40.0,65,2
40.0,86,6
40.0,100,1
40.0,105,3
40.0,157,2
40.0,214,1
40.0,311,1
40.0,341,1
40.0,366,1
40.0,378,2
40.0,405,1
40.0,445,1
40.0,650,1
40.0,874,2
40.0,1066,2
40.0,1129,1
40.0,1141,1
40.0,1168,2
40.0,1182,1
40.0,1239,1
40.0,1241,1
40.0,1261,162
40.0,1262,3
40.0,1263,11
40.0,1272,1
40.0,1276,3
40.0,1281,8
40.0,1309,1
40.0,1310,2
40.0,1329,1
40.0,1330,2
40.0,1380,3
40.0,1382,8
40.0,1672,1
40.0,1710,1
40.0,2524,1
40.0,2913,1
41.0,0,28
41.0,1,1
41.0,3,103
41.0,4,2
41.0,6,6
41.0,7,2
41.0,9,3
41.0,13,5
41.0,14,4
41.0,15,2
41.0,23,5
41.0,32,3
41.0,36,12
41.0,49,2
41.0,59,1
41.0,61,1
41.0,86,9
41.0,90,1
41.0,125,1
41.0,181,1
41.0,318,3
41.0,405,2
41.0,874,7
41.0,1040,1
41.0,1054,3
41.0,1260,2
41.0,1261,90
41.0,1263,1
41.0,1281,3
41.0,1330,19
41.0,1920,2
41.0,2524,1
41.0,2535,1
41.0,2603,1
42.0,0,71
42.0,1,10
42.0,3,70
42.0,4,11
42.0,6,14
42.0,9,11
42.0,13,49
42.0,14,5
42.0,23,3
42.0,32,14
42.0,34,2
42.0,36,36
42.0,37,1
42.0,42,1
42.0,45,3
42.0,48,2
42.0,49,2
42.0,55,1
42.0,59,15
42.0,64,1
42.0,86,1
42.0,90,1
42.0,98,1
42.0,104,1
42.0,105,1
42.0,169,1
42.0,191,2
42.0,266,1
42.0,404,1
42.0,427,2
42.0,448,1
42.0,449,1
42.0,663,22
42.0,720,2
42.0,755,1
42.0,832,1
42.0,861,1
42.0,862,3
42.0,874,3
42.0,965,1
42.0,972,1
42.0,1083,2
42.0,1173,9
42.0,1182,2
42.0,1236,2
42.0,1261,6
42.0,1293,2
42.0,1295,3
42.0,1321,1
42.0,1334,6
42.0,1336,1
42.0,1346,1
42.0,1354,3
42.0,1374,5
42.0,1400,1
42.0,1524,1
42.0,1540,1
42.0,1574,1
42.0,1662,1
42.0,1706,1
42.0,1710,2
42.0,1722,1
42.0,1725,1
42.0,1785,2
42.0,1877,1
42.0,1956,2
42.0,1969,3
42.0,2174,1
42.0,2232,2
42.0,2372,1
42.0,2428,1
42.0,2433,3
42.0,2442,2
42.0,2495,1
42.0,2530,2
42.0,2694,1
42.0,2903,1
42.0,2909,2
43.0,0,79
43.0,1,2
43.0,3,14
43.0,4,4
43.0,5,1
43.0,6,3
43.0,9,1
43.0,13,6
43.0,15,1
43.0,17,8
43.0,36,3
43.0,46,6
43.0,48,2
43.0,49,5
43.0,59,4
43.0,64,3
43.0,79,1
43.0,86,1
43.0,105,1
43.0,181,1
43.0,210,4
43.0,236,2
43.0,287,2
43.0,318,1
43.0,427,1
43.0,755,1
43.0,874,4
43.0,1016,4
43.0,1054,3
43.0,1099,1
43.0,1114,2
43.0,1140,2
43.0,1143,1
43.0,1182,58
43.0,1195,1
43.0,1214,1
43.0,1260,22
43.0,1261,303
43.0,1262,5
43.0,1263,12
43.0,1281,36
43.0,1286,13
43.0,1329,6
43.0,1330,19
43.0,1331,2
43.0,1395,1
43.0,1552,1
43.0,1653,1
43.0,1755,2
43.0,1916,2
43.0,2147,1
43.0,2357,1
43.0,2368,1
43.0,2441,1
43.0,2449,3
43.0,2464,1
43.0,2624,2
43.0,2704,4
44.0,0,14
44.0,1,5
44.0,3,112
44.0,4,15
44.0,6,10
44.0,9,1
44.0,13,13
44.0,14,5
44.0,17,1
44.0,23,1
44.0,36,9
44.0,45,4
44.0,49,1
44.0,57,1
44.0,59,3
44.0,87,1
44.0,92,1
44.0,100,1
44.0,125,1
44.0,169,1
44.0,176,1
44.0,181,2
44.0,203,1
44.0,209,1
44.0,216,4
44.0,274,1
44.0,379,2
44.0,436,1
44.0,439,1
44.0,532,1
44.0,580,1
44.0,648,1
44.0,700,1
44.0,781,1
44.0,789,1
44.0,809,2
44.0,823,1
44.0,827,1
44.0,844,1
44.0,852,1
44.0,991,1
44.0,992,1
44.0,1012,1
44.0,1043,1
44.0,1150,1
44.0,1157,12
44.0,1278,1
44.0,1613,1
44.0,1815,3
44.0,1950,1
44.0,2005,1
44.0,2153,1
44.0,2241,1
44.0,2369,1
44.0,2393,3
44.0,2491,6
44.0,2523,1
44.0,2564,1
44.0,2575,1
44.0,2640,1
44.0,2885,1
44.0,2902,1
44.0,2905,1
44.0,2952,1
45.0,0,28
45.0,3,67
45.0,4,3
45.0,6,11
45.0,13,10
45.0,14,2
45.0,15,11
45.0,36,26
45.0,39,1
45.0,49,2
45.0,55,1
45.0,59,3
45.0,61,1
45.0,86,4
45.0,90,1
45.0,245,1
45.0,295,2
45.0,616,1
45.0,620,1
45.0,663,1
45.0,704,1
45.0,783,1
45.0,874,1
45.0,905,1
45.0,1129,9
45.0,1130,1
45.0,1149,1
45.0,1195,1
45.0,1209,1
45.0,1261,49
45.0,1262,6
45.0,1265,1
45.0,1281,3
45.0,1329,1
45.0,1330,1
45.0,1768,1
45.0,1797,1
45.0,1890,1
45.0,2305,1
45.0,2366,1
45.0,2494,1
45.0,2501,1
45.0,2508,1
45.0,2535,4
45.0,2620,1
45.0,2635,1
45.0,2689,1
45.0,2789,1
46.0,0,34
46.0,1,9
46.0,3,124
46.0,4,6
46.0,6,43
46.0,9,10
46.0,12,1
46.0,13,24
46.0,14,10
46.0,15,1
46.0,17,1
46.0,23,1
46.0,32,1
46.0,34,3
46.0,36,3
46.0,39,1
46.0,49,3
46.0,59,12
46.0,61,3
46.0,64,1
46.0,105,9
46.0,112,1
46.0,121,3
46.0,126,1
46.0,139,1
46.0,148,1
46.0,151,1
46.0,174,1
46.0,176,1
46.0,177,1
46.0,178,1
46.0,187,1
46.0,215,1
46.0,223,3
46.0,237,1
46.0,248,1
46.0,318,1
46.0,350,1
46.0,377,1
46.0,404,4
46.0,417,2
46.0,447,1
46.0,464,1
46.0,517,1
46.0,536,1
46.0,603,1
46.0,663,11
46.0,669,1
46.0,713,1
46.0,765,1
46.0,766,1
46.0,925,2
46.0,965,2
46.0,1043,3
46.0,1046,1
46.0,1066,4
46.0,1081,1
46.0,1090,1
46.0,1111,4
46.0,1115,4
46.0,1133,1
46.0,1173,4
46.0,1182,1
46.0,1200,6
46.0,1213,1
46.0,1258,3
46.0,1261,6
46.0,1278,1
46.0,1281,1
46.0,1300,4
46.0,1564,1
46.0,1579,1
46.0,1604,1
46.0,1606,1
46.0,1663,1
46.0,1789,1
46.0,1792,2
46.0,1811,2
46.0,1868,1
46.0,1873,1
46.0,1883,2
46.0,1892,2
46.0,1899,2
46.0,1907,2
46.0,1914,1
46.0,1946,1
46.0,1973,1
46.0,2058,1
46.0,2119,1
46.0,2229,2
46.0,2245,1
46.0,2247,3
46.0,2258,1
46.0,2271,2
46.0,2277,1
46.0,2302,1
46.0,2309,2
46.0,2326,1
46.0,2481,2
46.0,2482,1
46.0,2540,3
46.0,2550,2
46.0,2661,1
46.0,2686,1
46.0,2740,1
46.0,2766,2
46.0,2767,2
46.0,2795,1
46.0,2805,1
46.0,2865,1
46.0,2925,1
47.0,0,11
47.0,1,6
47.0,3,85
47.0,4,22
47.0,5,1
47.0,6,25
47.0,9,3
47.0,13,11
47.0,14,18
47.0,17,16
47.0,23,1
47.0,32,2
47.0,36,9
47.0,39,4
47.0,48,1
47.0,49,3
47.0,59,1
47.0,61,4
47.0,82,1
47.0,183,1
47.0,191,6
47.0,216,1
47.0,238,1
47.0,283,1
47.0,356,1
47.0,438,1
47.0,560,1
47.0,678,1
47.0,816,1
47.0,820,1
47.0,834,1
47.0,1121,12
47.0,1123,1
47.0,1261,2
47.0,1352,2
47.0,1361,1
47.0,1389,1
47.0,1517,1
47.0,1965,1
47.0,2196,1
47.0,2209,1
47.0,2221,1
47.0,2240,1
47.0,2457,3
47.0,2764,1
47.0,2868,1
47.0,2952,1
48.0,0,15
48.0,1,3
48.0,3,21
48.0,4,3
48.0,6,1
48.0,9,10
48.0,13,18
48.0,14,11
48.0,17,2
48.0,32,4
48.0,36,11
48.0,39,2
48.0,49,5
48.0,59,16
48.0,86,1
48.0,105,5
48.0,123,1
48.0,167,2
48.0,219,1
48.0,290,1
48.0,295,1
48.0,320,1
48.0,341,1
48.0,484,1
48.0,571,1
48.0,617,6
48.0,716,1
48.0,790,2
48.0,827,3
48.0,1172,3
48.0,1190,2
48.0,1369,5
48.0,1381,1
48.0,1679,1
48.0,1719,1
48.0,1767,1
48.0,1776,1
48.0,1786,1
48.0,1938,1
48.0,2485,1
48.0,2729,1
49.0,0,32
49.0,1,9
49.0,3,84
49.0,4,26
49.0,6,14
49.0,9,2
49.0,13,39
49.0,14,16
49.0,17,9
49.0,23,1
49.0,32,5
49.0,34,1
49.0,36,14
49.0,39,3
49.0,45,1
49.0,49,2
49.0,59,30
49.0,61,1
49.0,62,1
49.0,78,1
49.0,86,2
49.0,105,1
49.0,169,2
49.0,181,2
49.0,216,1
49.0,257,1
49.0,331,1
49.0,355,1
49.0,492,1
49.0,507,1
49.0,511,1
49.0,547,1
49.0,577,1
49.0,934,1
49.0,1078,1
49.0,1092,8
49.0,1109,1
49.0,1199,6
49.0,1236,2
49.0,1246,3
49.0,1253,2
49.0,1293,1
49.0,1334,2
49.0,1381,1
49.0,1698,2
49.0,1767,2
49.0,1768,1
49.0,1801,1
49.0,1965,1
49.0,2114,1
49.0,2272,1
49.0,2374,1
49.0,2442,1
49.0,2634,4
49.0,2713,1
49.0,2877,1
49.0,2936,1
50.0,0,19
50.0,1,7
50.0,3,37
50.0,4,7
50.0,6,4
50.0,9,2
50.0,13,12
50.0,14,15
50.0,17,8
50.0,23,6
50.0,30,2
50.0,34,1
50.0,36,14
50.0,49,1
50.0,61,3
50.0,105,2
50.0,191,1
50.0,200,2
50.0,210,1
50.0,231,1
50.0,266,1
50.0,299,1
50.0,300,6
50.0,341,1
50.0,383,2
50.0,392,1
50.0,394,1
50.0,457,1
50.0,497,1
50.0,508,1
50.0,651,1
50.0,790,1
50.0,882,1
50.0,898,1
50.0,1118,1
50.0,1128,1
50.0,1151,2
50.0,1182,9
50.0,1195,1
50.0,1196,1
50.0,1261,18
50.0,1266,1
50.0,1281,4
50.0,1306,1
50.0,1351,2
50.0,1401,1
50.0,1440,1
50.0,1442,1
50.0,1467,1
50.0,1562,1
50.0,1589,1
50.0,1681,1
50.0,1735,1
50.0,1738,2
50.0,1900,1
50.0,1994,1
50.0,2170,1
50.0,2402,1
50.0,2435,1
50.0,2484,1
50.0,2512,1
50.0,2562,4
50.0,2647,1
50.0,2652,1
50.0,2802,1
50.0,2826,2
50.0,2921,1
50.0,2929,2
51.0,0,88
51.0,3,17
51.0,4,2
51.0,6,4
51.0,7,1
51.0,9,2
51.0,10,1
51.0,13,2
51.0,14,3
51.0,15,13
51.0,17,3
51.0,36,4
51.0,41,1
51.0,42,1
51.0,46,5
51.0,49,3
51.0,64,18
51.0,65,1
51.0,86,3
51.0,117,1
51.0,125,12
51.0,156,1
51.0,210,12
51.0,231,3
51.0,239,4
51.0,266,1
51.0,318,2
51.0,352,1
51.0,378,1
51.0,445,2
51.0,524,2
51.0,624,1
51.0,658,2
51.0,666,1
51.0,755,1
51.0,779,1
51.0,827,1
51.0,874,6
51.0,891,2
51.0,905,7
51.0,965,3
51.0,1145,1
51.0,1167,5
51.0,1177,1
51.0,1182,42
51.0,1183,6
51.0,1184,1
51.0,1202,1
51.0,1208,2
51.0,1260,9
51.0,1261,306
51.0,1262,7
51.0,1263,3
51.0,1269,2
51.0,1278,1
51.0,1281,11
51.0,1330,2
51.0,1377,3
51.0,1386,2
51.0,1387,2
51.0,1395,3
51.0,1513,3
51.0,1631,1
51.0,1654,1
51.0,1770,1
51.0,1933,1
51.0,1967,1
51.0,2127,1
51.0,2379,1
51.0,2510,1
51.0,2609,1
51.0,2631,1
51.0,2667,1
51.0,2683,1
51.0,2894,1
52.0,0,14
52.0,1,2
52.0,3,65
52.0,4,20
52.0,6,32
52.0,9,5
52.0,13,22
52.0,14,14
52.0,32,2
52.0,39,2
52.0,48,1
52.0,59,1
52.0,100,1
52.0,105,1
52.0,181,1
52.0,218,1
52.0,240,1
52.0,252,1
52.0,266,2
52.0,297,4
52.0,313,1
52.0,410,1
52.0,438,2
52.0,500,1
52.0,630,1
52.0,1024,1
52.0,1056,16
52.0,1073,1
52.0,1115,4
52.0,1182,2
52.0,1361,1
52.0,1804,1
52.0,1810,2
52.0,1870,1
52.0,1940,2
52.0,2038,1
52.0,2476,1
53.0,0,72
53.0,1,4
53.0,3,50
53.0,4,4
53.0,6,11
53.0,7,1
53.0,8,1
53.0,9,3
53.0,10,1
53.0,13,5
53.0,15,9
53.0,17,7
53.0,23,3
53.0,36,5
53.0,42,2
53.0,46,3
53.0,49,8
53.0,64,1
53.0,83,1
53.0,86,1
53.0,120,1
53.0,125,1
53.0,158,1
53.0,161,1
53.0,200,2
53.0,205,1
53.0,210,9
53.0,259,2
53.0,266,1
53.0,270,1
53.0,276,2
53.0,341,2
53.0,342,1
53.0,379,2
53.0,389,1
53.0,408,1
53.0,445,4
53.0,524,1
53.0,681,1
53.0,709,1
53.0,797,1
53.0,802,1
53.0,824,1
53.0,825,1
53.0,865,1
53.0,874,2
53.0,882,4
53.0,891,1
53.0,905,3
53.0,917,1
53.0,945,1
53.0,965,1
53.0,969,1
53.0,1033,1
53.0,1048,1
53.0,1054,3
53.0,1118,1
53.0,1127,1
53.0,1130,4
53.0,1145,5
53.0,1153,1
53.0,1155,1
53.0,1171,1
53.0,1182,79
53.0,1197,2
53.0,1214,1
53.0,1217,2
53.0,1247,1
53.0,1260,2
53.0,1261,181
53.0,1262,3
53.0,1263,7
53.0,1268,2
53.0,1281,5
53.0,1286,1
53.0,1322,1
53.0,1329,1
53.0,1330,1
53.0,1387,5
53.0,1453,2
53.0,1463,1
53.0,1486,2
53.0,1492,1
53.0,1500,12
53.0,1530,1
53.0,1677,1
53.0,1767,1
53.0,1793,1
53.0,1934,1
53.0,1966,1
53.0,1989,1
53.0,1996,2
53.0,2027,2
53.0,2089,1
53.0,2224,2
53.0,2226,2
53.0,2339,1
53.0,2358,2
53.0,2375,1
53.0,2379,1
53.0,2380,2
53.0,2473,1
53.0,2535,2
53.0,2626,4
53.0,2631,1
53.0,2650,1
53.0,2700,6
53.0,2725,1
53.0,2946,1
54.0,0,44
54.0,1,6
54.0,3,59
54.0,4,13
54.0,6,1
54.0,9,1
54.0,13,15
54.0,14,4
54.0,15,3
54.0,17,8
54.0,23,7
54.0,30,1
54.0,32,3
54.0,36,12
54.0,42,2
54.0,46,2
54.0,48,3
54.0,49,6
54.0,59,9
54.0,61,1
54.0,86,2
54.0,105,5
54.0,167,1
54.0,299,1
54.0,318,2
54.0,378,1
54.0,411,1
54.0,515,1
54.0,517,1
54.0,524,1
54.0,532,3
54.0,658,1
54.0,673,1
54.0,755,1
54.0,821,1
54.0,874,4
54.0,891,2
54.0,894,1
54.0,936,1
54.0,956,1
54.0,965,4
54.0,1003,1
54.0,1124,2
54.0,1182,4
54.0,1224,1
54.0,1257,1
54.0,1260,2
54.0,1261,35
54.0,1381,3
54.0,1419,1
54.0,1539,1
54.0,1706,1
54.0,1751,1
54.0,1768,1
54.0,1772,1
54.0,1791,2
54.0,1884,1
54.0,1938,1
54.0,1992,1
54.0,2142,1
54.0,2178,2
54.0,2291,6
54.0,2530,1
54.0,2531,2
54.0,2732,2
54.0,2747,1
54.0,2881,4
55.0,0,36
55.0,1,1
55.0,3,26
55.0,4,2
55.0,6,4
55.0,7,2
55.0,9,1
55.0,13,21
55.0,14,1
55.0,17,1
55.0,23,2
55.0,32,3
55.0,36,16
55.0,59,5
55.0,63,1
55.0,79,1
55.0,105,3
55.0,121,6
55.0,287,1
55.0,368,1
55.0,417,1
55.0,610,1
55.0,624,1
55.0,663,3
55.0,678,2
55.0,853,1
55.0,874,1
55.0,1261,43
55.0,1281,1
55.0,1322,1
55.0,1330,1
55.0,1669,1
55.0,1781,1
55.0,1993,1
55.0,2327,1
55.0,2656,1
55.0,2696,8
55.0,2701,1
55.0,2864,1
56.0,0,32
56.0,1,16
56.0,3,56
56.0,4,12
56.0,6,11
56.0,9,10
56.0,13,81
56.0,14,11
56.0,17,2
56.0,23,1
56.0,36,9
56.0,49,2
56.0,59,2
56.0,67,1
56.0,105,14
56.0,219,2
56.0,287,1
56.0,290,1
56.0,320,1
56.0,344,1
56.0,442,1
56.0,656,1
56.0,710,1
56.0,874,9
56.0,950,1
56.0,1024,2
56.0,1070,1
56.0,1092,2
56.0,1175,1
56.0,1183,1
56.0,1225,1
56.0,1240,3
56.0,1260,2
56.0,1261,67
56.0,1281,9
56.0,1296,4
56.0,1317,2
56.0,1330,2
56.0,1331,1
56.0,1458,1
56.0,1587,1
56.0,1614,1
56.0,1727,1
56.0,1833,1
56.0,2077,1
56.0,2118,1
56.0,2194,1
56.0,2480,4
56.0,2594,1
57.0,0,25
57.0,1,2
57.0,3,17
57.0,4,3
57.0,5,1
57.0,6,2
57.0,9,1
57.0,13,11
57.0,14,2
57.0,15,9
57.0,17,4
57.0,23,1
57.0,36,9
57.0,39,1
57.0,46,1
57.0,49,7
57.0,59,5
57.0,86,6
57.0,210,3
57.0,316,2
57.0,332,1
57.0,383,1
57.0,404,1
57.0,573,1
57.0,663,1
57.0,710,1
57.0,760,1
57.0,858,2
57.0,874,3
57.0,891,9
57.0,1032,1
57.0,1068,5
57.0,1182,3
57.0,1197,3
57.0,1208,1
57.0,1260,4
57.0,1261,185
57.0,1262,2
57.0,1281,18
57.0,1293,10
57.0,1303,2
57.0,1329,4
57.0,1330,2
57.0,1367,1
57.0,1382,1
57.0,1387,1
57.0,1406,1
57.0,1824,1
57.0,1896,1
57.0,2188,1
57.0,2441,1
57.0,2515,1
57.0,2535,1
57.0,2620,1
57.0,2673,1
58.0,0,78
58.0,1,5
58.0,3,33
58.0,4,2
58.0,6,2
58.0,9,1
58.0,13,5
58.0,15,2
58.0,17,2
58.0,36,2
58.0,39,1
58.0,46,6
58.0,49,2
58.0,58,1
58.0,64,3
58.0,105,1
58.0,146,1
58.0,165,4
58.0,193,1
58.0,210,11
58.0,277,3
58.0,287,3
58.0,322,1
58.0,346,3
58.0,360,2
58.0,471,1
58.0,537,1
58.0,638,2
58.0,709,2
58.0,780,1
58.0,783,1
58.0,874,7
58.0,924,1
58.0,1054,3
58.0,1127,1
58.0,1131,1
58.0,1144,2
58.0,1182,28
58.0,1195,1
58.0,1260,7
58.0,1261,347
58.0,1262,1
58.0,1263,9
58.0,1268,1
58.0,1269,1
58.0,1281,16
58.0,1289,4
58.0,1301,2
58.0,1329,2
58.0,1330,2
58.0,1331,1
58.0,1336,1
58.0,1382,1
58.0,1387,1
58.0,1395,1
58.0,1493,1
58.0,1602,1
58.0,1882,2
58.0,2275,1
58.0,2318,1
58.0,2325,1
58.0,2387,3
58.0,2468,3
58.0,2488,1
58.0,2511,1
58.0,2624,1
58.0,2695,1
58.0,2707,3
59.0,0,39
59.0,1,6
59.0,3,166
59.0,4,14
59.0,6,20
59.0,9,12
59.0,13,47
59.0,14,5
59.0,15,3
59.0,17,2
59.0,23,1
59.0,32,5
59.0,36,1
59.0,39,1
59.0,42,1
59.0,49,2
59.0,59,16
59.0,86,2
59.0,105,4
59.0,131,1
59.0,165,4
59.0,167,2
59.0,215,1
59.0,252,1
59.0,266,2
59.0,267,2
59.0,318,2
59.0,323,1
59.0,464,1
59.0,501,1
59.0,575,1
59.0,653,1
59.0,715,1
59.0,726,1
59.0,741,2
59.0,798,1
59.0,874,1
59.0,960,1
59.0,1016,1
59.0,1054,1
59.0,1109,1
59.0,1159,2
59.0,1169,1
59.0,1226,3
59.0,1261,9
59.0,1262,1
59.0,1422,1
59.0,1476,1
59.0,1508,1
59.0,1532,1
59.0,1609,1
59.0,1751,1
59.0,1985,1
59.0,2005,1
59.0,2061,2
59.0,2164,2
59.0,2201,3
59.0,2485,1
59.0,2549,1
59.0,2651,1
59.0,2764,1
59.0,2768,1
59.0,2779,1
59.0,2804,1
60.0,0,10
60.0,1,3
60.0,3,52
60.0,4,4
60.0,6,10
60.0,9,4
60.0,13,33
60.0,14,7
60.0,17,5
60.0,23,4
60.0,32,1
60.0,36,7
60.0,42,2
60.0,46,1
60.0,48,1
60.0,49,2
60.0,59,8
60.0,61,1
60.0,86,2
60.0,101,1
60.0,114,1
60.0,121,4
60.0,125,3
60.0,181,1
60.0,185,1
60.0,216,2
60.0,494,1
60.0,609,1
60.0,631,1
60.0,1182,3
60.0,1242,3
60.0,1261,2
60.0,1427,2
60.0,1481,1
60.0,1987,2
60.0,2012,2
60.0,2320,2
60.0,2444,1
60.0,2482,1
60.0,2526,1
60.0,2927,1
61.0,0,15
61.0,1,4
61.0,3,87
61.0,4,12
61.0,6,44
61.0,9,3
61.0,13,66
61.0,14,11
61.0,23,1
61.0,32,3
61.0,36,2
61.0,39,4
61.0,42,2
61.0,49,4
61.0,55,1
61.0,59,5
61.0,70,2
61.0,86,1
61.0,101,1
61.0,104,1
61.0,105,3
61.0,125,1
61.0,151,5
61.0,237,1
61.0,266,1
61.0,300,1
61.0,314,1
61.0,377,1
61.0,400,1
61.0,450,1
61.0,679,1
61.0,689,1
61.0,691,1
61.0,716,1
61.0,878,1
61.0,904,1
61.0,966,1
61.0,1043,1
61.0,1092,4
61.0,1258,3
61.0,1261,1
61.0,1293,1
61.0,1309,1
61.0,1351,1
61.0,1763,2
61.0,1769,1
61.0,1805,1
61.0,1995,1
61.0,2038,1
61.0,2104,1
61.0,2132,1
61.0,2208,2
61.0,2481,6
61.0,2499,2
61.0,2509,1
61.0,2795,1
61.0,2813,2
62.0,0,17
62.0,1,15
62.0,3,63
62.0,4,8
62.0,6,13
62.0,9,3
62.0,12,1
62.0,13,27
62.0,14,6
62.0,17,3
62.0,23,6
62.0,32,2
62.0,36,8
62.0,42,2
62.0,46,1
62.0,48,2
62.0,59,4
62.0,61,1
62.0,105,10
62.0,151,1
62.0,216,1
62.0,266,2
62.0,287,1
62.0,404,1
62.0,492,1
62.0,610,1
62.0,663,4
62.0,716,1
62.0,736,1
62.0,756,1
62.0,863,1
62.0,891,1
62.0,1115,1
62.0,1217,1
62.0,1261,6
62.0,1325,2
62.0,1344,3
62.0,1570,1
62.0,2003,2
62.0,2414,1
62.0,2556,4
62.0,2645,1
63.0,0,26
63.0,1,5
63.0,3,112
63.0,4,12
63.0,6,7
63.0,9,5
63.0,11,1
63.0,13,9
63.0,14,12
63.0,17,9
63.0,30,1
63.0,32,2
63.0,36,7
63.0,39,2
63.0,42,1
63.0,45,1
63.0,49,5
63.0,59,1
63.0,86,5
63.0,95,1
63.0,101,1
63.0,104,3
63.0,125,4
63.0,130,1
63.0,138,2
63.0,176,1
63.0,181,4
63.0,215,1
63.0,297,6
63.0,318,2
63.0,337,1
63.0,412,1
63.0,426,4
63.0,433,1
63.0,460,1
63.0,478,1
63.0,492,2
63.0,522,2
63.0,538,1
63.0,599,1
63.0,615,1
63.0,636,1
63.0,638,1
63.0,651,1
63.0,662,1
63.0,716,1
63.0,739,1
63.0,777,1
63.0,826,1
63.0,1130,3
63.0,1134,4
63.0,1141,4
63.0,1161,1
63.0,1164,5
63.0,1166,5
63.0,1174,5
63.0,1182,29
63.0,1249,4
63.0,1261,3
63.0,1279,1
63.0,1281,1
63.0,1364,3
63.0,1402,1
63.0,1443,1
63.0,1473,1
63.0,1500,1
63.0,1504,1
63.0,1544,1
63.0,1559,5
63.0,1576,1
63.0,1625,1
63.0,1633,1
63.0,1655,1
63.0,1715,1
63.0,1827,2
63.0,1844,2
63.0,1851,2
63.0,1934,1
63.0,1938,1
63.0,1994,2
63.0,2001,1
63.0,2028,1
63.0,2089,1
63.0,2187,1
63.0,2253,1
63.0,2315,1
63.0,2459,1
63.0,2512,1
63.0,2771,1
63.0,2788,1
63.0,2832,1
63.0,2857,1
63.0,2862,1
64.0,0,45
64.0,1,7
64.0,3,121
64.0,4,26
64.0,6,34
64.0,7,1
64.0,9,17
64.0,13,62
64.0,14,12
64.0,15,1
64.0,17,7
64.0,32,1
64.0,34,1
64.0,36,15
64.0,39,2
64.0,42,1
64.0,45,4
64.0,49,2
64.0,59,25
64.0,61,2
64.0,64,2
64.0,101,1
64.0,102,1
64.0,105,7
64.0,165,1
64.0,266,1
64.0,297,1
64.0,383,1
64.0,492,2
64.0,534,1
64.0,547,1
64.0,566,1
64.0,613,1
64.0,651,1
64.0,682,3
64.0,796,1
64.0,874,4
64.0,1024,1
64.0,1031,1
64.0,1070,2
64.0,1171,1
64.0,1182,2
64.0,1226,3
64.0,1260,2
64.0,1261,30
64.0,1281,14
64.0,1290,2
64.0,1294,1
64.0,1329,1
64.0,1330,2
64.0,1331,1
64.0,1359,1
64.0,1555,1
64.0,2061,1
64.0,2453,1
64.0,2478,4
64.0,2493,2
64.0,2549,1
64.0,2554,2
64.0,2572,1
64.0,2594,1
64.0,2617,4
64.0,2654,1
64.0,2698,2
64.0,2821,1
64.0,2897,1
64.0,2901,1
65.0,0,22
65.0,1,1
65.0,3,21
65.0,4,7
65.0,13,10
65.0,14,7
65.0,17,1
65.0,23,2
65.0,30,4
65.0,36,42
65.0,39,1
65.0,42,4
65.0,47,1
65.0,49,2
65.0,59,10
65.0,64,1
65.0,73,1
65.0,86,1
65.0,105,1
65.0,122,1
65.0,125,1
65.0,138,1
65.0,165,2
65.0,230,1
65.0,232,1
65.0,341,4
65.0,430,1
65.0,734,1
65.0,798,1
65.0,806,1
65.0,815,3
65.0,935,1
65.0,965,1
65.0,983,1
65.0,1024,2
65.0,1029,2
65.0,1076,2
65.0,1106,2
65.0,1150,1
65.0,1170,1
65.0,1175,1
65.0,1194,2
65.0,1223,1
65.0,1261,5
65.0,1315,1
65.0,1381,1
65.0,1484,1
65.0,1791,1
65.0,1957,2
65.0,2066,1
65.0,2149,2
65.0,2206,1
65.0,2334,1
65.0,2349,1
65.0,2521,1
65.0,2523,2
65.0,2722,1
65.0,2761,2
65.0,2848,1
65.0,2914,1
65.0,2926,1
66.0,0,9
66.0,3,94
66.0,4,2
66.0,6,10
66.0,9,8
66.0,13,11
66.0,14,2
66.0,15,1
66.0,36,4
66.0,59,1
66.0,86,19
66.0,169,1
66.0,316,1
66.0,379,1
66.0,569,1
66.0,665,1
66.0,976,1
66.0,1195,1
66.0,1244,1
66.0,1261,11
66.0,1272,1
66.0,1821,1
66.0,2010,1
66.0,2025,1
66.0,2679,1
67.0,0,19
67.0,1,5
67.0,3,39
67.0,4,5
67.0,6,14
67.0,9,9
67.0,13,25
67.0,14,7
67.0,23,2
67.0,32,1
67.0,36,4
67.0,49,3
67.0,59,19
67.0,61,3
67.0,64,2
67.0,86,2
67.0,105,2
67.0,191,3
67.0,200,1
67.0,239,1
67.0,386,1
67.0,663,3
67.0,713,1
67.0,784,1
67.0,827,1
67.0,859,1
67.0,956,4
67.0,1217,1
67.0,1261,3
67.0,1463,1
67.0,1719,1
67.0,1783,1
67.0,1835,2
67.0,2440,1
68.0,0,17
68.0,1,1
68.0,3,149
68.0,4,2
68.0,6,22
68.0,7,4
68.0,9,4
68.0,13,33
68.0,14,11
68.0,15,1
68.0,17,4
68.0,32,1
68.0,36,4
68.0,39,2
68.0,48,2
68.0,49,1
68.0,56,1
68.0,59,2
68.0,61,2
68.0,64,1
68.0,74,1
68.0,100,2
68.0,108,1
68.0,165,2
68.0,185,1
68.0,194,1
68.0,266,1
68.0,297,1
68.0,320,3
68.0,395,1
68.0,436,1
68.0,439,2
68.0,493,1
68.0,525,1
68.0,530,3
68.0,579,1
68.0,617,2
68.0,622,1
68.0,663,1
68.0,676,1
68.0,690,1
68.0,753,1
68.0,876,1
68.0,885,1
68.0,1130,1
68.0,1148,1
68.0,1157,12
68.0,1168,1
68.0,1207,1
68.0,1261,3
68.0,1340,1
68.0,1358,12
68.0,1375,5
68.0,1380,3
68.0,1381,1
68.0,1389,3
68.0,1393,2
68.0,1394,1
68.0,1513,1
68.0,1728,2
68.0,1874,1
68.0,1994,2
68.0,2016,1
68.0,2256,1
68.0,2295,1
68.0,2323,1
68.0,2377,1
68.0,2451,1
68.0,2453,1
68.0,2651,1
68.0,2935,1
68.0,2938,2
69.0,0,63
69.0,3,107
69.0,4,3
69.0,5,3
69.0,6,4
69.0,9,9
69.0,13,13
69.0,14,3
69.0,15,10
69.0,17,3
69.0,32,1
69.0,36,16
69.0,39,7
69.0,42,2
69.0,48,5
69.0,49,6
69.0,59,3
69.0,61,1
69.0,64,1
69.0,86,6
69.0,98,1
69.0,125,1
69.0,148,4
69.0,157,1
69.0,165,1
69.0,190,1
69.0,210,2
69.0,233,1
69.0,234,4
69.0,239,1
69.0,266,1
69.0,322,1
69.0,367,1
69.0,723,1
69.0,812,1
69.0,858,1
69.0,874,1
69.0,905,2
69.0,965,2
69.0,979,1
69.0,1118,1
69.0,1130,1
69.0,1137,1
69.0,1182,1
69.0,1244,1
69.0,1260,3
69.0,1261,200
69.0,1262,1
69.0,1272,1
69.0,1281,8
69.0,1297,1
69.0,1329,2
69.0,1330,4
69.0,1394,1
69.0,1486,1
69.0,1824,1
69.0,2026,1
69.0,2083,1
69.0,2199,2
69.0,2383,1
69.0,2399,1
69.0,2494,1
69.0,2535,4
69.0,2585,2
70.0,0,20
70.0,1,6
70.0,3,82
70.0,4,39
70.0,6,12
70.0,9,19
70.0,13,29
70.0,14,20
70.0,17,13
70.0,23,1
70.0,32,11
70.0,34,2
70.0,36,25
70.0,39,2
70.0,42,1
70.0,48,5
70.0,49,2
70.0,59,9
70.0,61,1
70.0,101,1
70.0,105,1
70.0,151,6
70.0,191,2
70.0,243,1
70.0,258,1
70.0,272,1
70.0,314,2
70.0,439,1
70.0,492,3
70.0,511,1
70.0,560,1
70.0,663,1
70.0,720,3
70.0,993,1
70.0,1075,1
70.0,1089,1
70.0,1173,2
70.0,1392,3
70.0,1679,1
70.0,1731,1
70.0,1786,5
70.0,1804,1
70.0,1856,2
70.0,1913,2
70.0,1965,1
70.0,2018,2
70.0,2595,1
70.0,2859,1
70.0,2945,2
71.0,0,22
71.0,1,5
71.0,3,66
71.0,4,2
71.0,6,19
71.0,9,2
71.0,13,23
71.0,14,11
71.0,15,2
71.0,23,4
71.0,30,1
71.0,32,1
71.0,36,1
71.0,39,3
71.0,49,2
71.0,59,2
71.0,61,1
71.0,87,1
71.0,94,1
71.0,140,3
71.0,176,1
71.0,181,1
71.0,186,1
71.0,193,1
71.0,197,1
71.0,213,1
71.0,242,1
71.0,255,1
71.0,265,1
71.0,266,3
71.0,308,1
71.0,325,1
71.0,357,1
71.0,378,1
71.0,396,1
71.0,570,2
71.0,604,1
71.0,612,4
71.0,636,6
71.0,649,1
71.0,661,1
71.0,675,1
71.0,690,2
71.0,698,1
71.0,710,1
71.0,801,1
71.0,810,1
71.0,830,1
71.0,857,1
71.0,1027,1
71.0,1047,1
71.0,1093,1
71.0,1122,3
71.0,1182,2
71.0,1223,6
71.0,1251,1
71.0,1285,4
71.0,1391,1
71.0,1411,1
71.0,1438,1
71.0,1448,1
71.0,1457,1
71.0,1478,1
71.0,1523,1
71.0,1529,1
71.0,1554,1
71.0,1622,1
71.0,1628,1
71.0,1638,3
71.0,1695,1
71.0,1730,2
71.0,1777,1
71.0,1814,1
71.0,1816,2
71.0,1822,2
71.0,1866,1
71.0,1995,1
71.0,2005,1
71.0,2053,1
71.0,2076,1
71.0,2096,2
71.0,2102,1
71.0,2109,1
71.0,2152,2
71.0,2202,1
71.0,2207,1
71.0,2237,2
71.0,2257,1
71.0,2261,1
71.0,2356,1
71.0,2406,1
71.0,2408,1
71.0,2423,1
71.0,2434,1
71.0,2461,1
71.0,2477,1
71.0,2509,1
71.0,2518,4
71.0,2564,2
71.0,2566,2
71.0,2589,4
71.0,2599,3
71.0,2677,1
71.0,2681,1
71.0,2780,1
71.0,2811,2
71.0,2958,2
72.0,0,29
72.0,1,9
72.0,3,27
72.0,4,2
72.0,6,5
72.0,7,1
72.0,9,3
72.0,13,16
72.0,14,6
72.0,17,6
72.0,23,4
72.0,30,1
72.0,32,1
72.0,36,3
72.0,39,1
72.0,42,2
72.0,49,1
72.0,59,7
72.0,64,3
72.0,91,1
72.0,98,1
72.0,105,3
72.0,121,3
72.0,125,3
72.0,200,2
72.0,216,1
72.0,268,1
72.0,344,1
72.0,553,1
72.0,599,1
72.0,663,3
72.0,750,1
72.0,751,1
72.0,977,2
72.0,997,1
72.0,1053,2
72.0,1094,1
72.0,1104,1
72.0,1150,1
72.0,1235,6
72.0,1261,15
72.0,1293,1
72.0,1322,2
72.0,1351,5
72.0,1424,1
72.0,1460,1
72.0,1798,1
72.0,1799,1
72.0,1826,1
72.0,1832,2
72.0,1852,1
72.0,1906,2
72.0,2104,2
72.0,2141,2
72.0,2148,1
72.0,2403,1
72.0,2435,2
72.0,2444,1
72.0,2546,1
72.0,2570,1
72.0,2658,1
72.0,2722,1
72.0,2797,1
73.0,0,56
73.0,1,4
73.0,3,10
73.0,6,3
73.0,7,1
73.0,9,2
73.0,13,12
73.0,14,2
73.0,17,11
73.0,32,4
73.0,36,25
73.0,44,1
73.0,46,1
73.0,49,2
73.0,59,4
73.0,60,1
73.0,86,1
73.0,104,1
73.0,121,1
73.0,125,2
73.0,139,1
73.0,210,1
73.0,287,1
73.0,546,1
73.0,556,1
73.0,638,1
73.0,663,2
73.0,777,2
73.0,874,2
73.0,912,1
73.0,924,1
73.0,965,2
73.0,1136,1
73.0,1150,5
73.0,1182,33
73.0,1201,1
73.0,1260,3
73.0,1261,114
73.0,1278,1
73.0,1281,6
73.0,1301,2
73.0,1329,3
73.0,1330,8
73.0,1331,2
73.0,1395,1
73.0,1575,1
73.0,1620,1
73.0,1626,1
73.0,1708,1
73.0,1745,1
73.0,1966,2
73.0,2127,1
73.0,2192,1
73.0,2290,1
73.0,2479,1
73.0,2504,2
73.0,2574,4
73.0,2643,1
73.0,2695,1
73.0,2717,1
73.0,2879,1
73.0,2944,1
74.0,0,20
74.0,1,2
74.0,3,46
74.0,4,2
74.0,5,1
74.0,6,7
74.0,9,6
74.0,13,36
74.0,14,13
74.0,17,1
74.0,32,1
74.0,36,1
74.0,59,4
74.0,79,1
74.0,231,2
74.0,264,1
74.0,266,2
74.0,287,1
74.0,314,1
74.0,426,1
74.0,506,1
74.0,527,1
74.0,776,1
74.0,827,2
74.0,875,1
74.0,1261,1
74.0,1413,1
74.0,1601,1
74.0,1790,1
74.0,1831,1
74.0,1893,1
74.0,1910,1
74.0,1919,1
74.0,2029,2
74.0,2100,1
74.0,2214,2
74.0,2483,2
74.0,2888,1
75.0,0,29
75.0,1,3
75.0,3,63
75.0,4,4
75.0,6,11
75.0,9,1
75.0,11,1
75.0,13,7
75.0,14,2
75.0,15,11
75.0,17,5
75.0,23,11
75.0,30,1
75.0,34,1
75.0,36,19
75.0,39,2
75.0,42,1
75.0,47,1
75.0,49,1
75.0,59,1
75.0,61,1
75.0,86,1
75.0,100,2
75.0,105,1
75.0,116,1
75.0,125,1
75.0,139,1
75.0,181,4
75.0,210,1
75.0,266,1
75.0,285,1
75.0,316,2
75.0,341,1
75.0,349,1
75.0,383,1
75.0,492,1
75.0,530,1
75.0,567,4
75.0,597,1
75.0,606,1
75.0,634,1
75.0,808,1
75.0,922,1
75.0,926,1
75.0,1058,2
75.0,1137,1
75.0,1175,6
75.0,1182,1
75.0,1187,1
75.0,1204,6
75.0,1207,1
75.0,1261,19
75.0,1265,3
75.0,1277,4
75.0,1281,1
75.0,1306,1
75.0,1330,1
75.0,1629,1
75.0,1681,1
75.0,1725,1
75.0,1733,1
75.0,1851,2
75.0,1874,1
75.0,1894,2
75.0,1983,1
75.0,1991,2
75.0,1994,1
75.0,1996,1
75.0,2046,1
75.0,2056,2
75.0,2169,2
75.0,2282,2
75.0,2405,3
75.0,2411,3
75.0,2486,2
75.0,2525,4
75.0,2536,1
75.0,2561,1
75.0,2643,1
75.0,2714,1
75.0,2897,1
75.0,2928,1
76.0,0,109
76.0,1,15
76.0,3,44
76.0,4,8
76.0,6,12
76.0,9,3
76.0,13,19
76.0,14,6
76.0,17,6
76.0,23,5
76.0,34,1
76.0,42,1
76.0,46,6
76.0,48,1
76.0,49,8
76.0,59,5
76.0,64,1
76.0,67,2
76.0,86,7
76.0,105,1
76.0,122,1
76.0,138,1
76.0,162,1
76.0,188,3
76.0,210,4
76.0,224,1
76.0,241,2
76.0,434,1
76.0,441,1
76.0,445,1
76.0,524,3
76.0,629,1
76.0,665,1
76.0,729,1
76.0,744,1
76.0,827,4
76.0,847,1
76.0,870,1
76.0,929,1
76.0,1069,3
76.0,1102,2
76.0,1140,2
76.0,1146,1
76.0,1151,1
76.0,1175,2
76.0,1182,9
76.0,1214,2
76.0,1261,50
76.0,1262,1
76.0,1263,2
76.0,1278,1
76.0,1282,2
76.0,1351,2
76.0,1414,1
76.0,1451,2
76.0,1461,1
76.0,1483,1
76.0,1492,3
76.0,1590,1
76.0,1723,1
76.0,1778,1
76.0,1793,1
76.0,1900,1
76.0,1918,1
76.0,1933,1
76.0,1944,1
76.0,1953,1
76.0,1980,1
76.0,2027,1
76.0,2161,1
76.0,2170,1
76.0,2269,1
76.0,2388,1
76.0,2559,1
76.0,2668,1
76.0,2712,4
76.0,2736,2
76.0,2741,2
76.0,2890,1
77.0,0,23
77.0,1,4
77.0,3,91
77.0,4,39
77.0,5,2
77.0,6,46
77.0,9,8
77.0,13,46
77.0,14,9
77.0,23,3
77.0,32,4
77.0,36,40
77.0,39,2
77.0,42,3
77.0,49,5
77.0,59,16
77.0,86,4
77.0,100,1
77.0,101,4
77.0,121,3
77.0,165,1
77.0,183,1
77.0,191,7
77.0,215,1
77.0,272,2
77.0,492,1
77.0,617,1
77.0,720,1
77.0,727,1
77.0,835,1
77.0,898,2
77.0,962,1
77.0,976,1
77.0,1023,1
77.0,1024,1
77.0,1095,2
77.0,1182,6
77.0,1261,1
77.0,1283,1
77.0,1301,3
77.0,1325,2
77.0,1361,1
77.0,1407,1
77.0,1710,2
77.0,1776,1
77.0,1786,1
77.0,2351,1
77.0,2551,1
77.0,2835,1
78.0,0,32
78.0,1,5
78.0,3,129
78.0,4,9
78.0,6,13
78.0,9,4
78.0,13,17
78.0,14,28
78.0,15,7
78.0,17,8
78.0,23,2
78.0,30,7
78.0,32,4
78.0,36,15
78.0,39,4
78.0,42,3
78.0,49,2
78.0,59,6
78.0,61,1
78.0,62,1
78.0,86,2
78.0,101,1
78.0,147,1
78.0,165,4
78.0,169,1
78.0,210,3
78.0,211,1
78.0,231,1
78.0,239,1
78.0,295,2
78.0,297,4
78.0,300,1
78.0,318,1
78.0,341,3
78.0,352,1
78.0,507,1
78.0,569,1
78.0,764,1
78.0,874,2
78.0,905,1
78.0,965,1
78.0,1066,2
78.0,1105,1
78.0,1112,1
78.0,1116,1
78.0,1129,8
78.0,1142,3
78.0,1159,1
78.0,1169,1
78.0,1207,3
78.0,1261,46
78.0,1277,1
78.0,1279,4
78.0,1340,1
78.0,1363,3
78.0,1477,1
78.0,1559,1
78.0,1661,1
78.0,1821,1
78.0,1928,1
78.0,1945,1
78.0,1982,2
78.0,1996,3
78.0,2031,2
78.0,2046,1
78.0,2295,2
78.0,2581,1
78.0,2612,4
78.0,2804,1
78.0,2833,1
78.0,2915,1
78.0,2928,1
79.0,0,7
79.0,1,4
79.0,3,10
79.0,4,4
79.0,6,2
79.0,9,2
79.0,13,12
79.0,14,3
79.0,17,6
79.0,21,1
79.0,23,1
79.0,30,2
79.0,32,4
79.0,36,4
79.0,42,1
79.0,43,1
79.0,59,9
79.0,64,2
79.0,86,1
79.0,100,2
79.0,128,2
79.0,216,1
79.0,239,1
79.0,290,1
79.0,341,2
79.0,524,1
79.0,528,1
79.0,665,1
79.0,735,1
79.0,814,1
79.0,1003,1
79.0,1114,1
79.0,1171,1
79.0,1182,1
79.0,1197,4
79.0,1261,4
79.0,1272,1
79.0,1310,2
79.0,1315,1
79.0,1418,1
79.0,1447,1
79.0,1513,2
79.0,1685,1
79.0,1720,2
79.0,1761,2
79.0,2135,1
79.0,2166,2
79.0,2256,6
79.0,2311,4
79.0,2352,1
79.0,2410,3
79.0,2572,2
79.0,2596,2
79.0,2637,1
79.0,2678,1
79.0,2716,1
79.0,2731,1
79.0,2785,1
79.0,2870,1
80.0,0,118
80.0,1,11
80.0,3,17
80.0,6,5
80.0,9,1
80.0,15,12
80.0,17,4
80.0,23,1
80.0,46,8
80.0,49,5
80.0,59,4
80.0,64,13
80.0,67,1
80.0,86,5
80.0,122,1
80.0,139,1
80.0,210,12
80.0,277,1
80.0,321,1
80.0,342,1
80.0,378,1
80.0,384,1
80.0,445,4
80.0,472,1
80.0,480,1
80.0,524,1
80.0,594,1
80.0,603,1
80.0,638,1
80.0,737,2
80.0,739,1
80.0,754,1
80.0,818,1
80.0,827,1
80.0,865,1
80.0,874,8
80.0,965,1
80.0,1051,1
80.0,1054,2
80.0,1127,1
80.0,1182,93
80.0,1183,5
80.0,1202,3
80.0,1208,1
80.0,1260,10
80.0,1261,404
80.0,1262,16
80.0,1263,7
80.0,1281,29
80.0,1286,4
80.0,1298,1
80.0,1329,2
80.0,1330,2
80.0,1331,1
80.0,1351,1
80.0,1387,1
80.0,1395,2
80.0,1596,1
80.0,1737,1
80.0,1755,1
80.0,1818,2
80.0,1903,1
80.0,1929,2
80.0,2013,2
80.0,2358,2
80.0,2386,1
80.0,2511,2
80.0,2548,1
80.0,2583,1
80.0,2631,2
80.0,2668,1
80.0,2750,2
80.0,2759,2
80.0,2816,1
80.0,2916,1
81.0,0,44
81.0,1,6
81.0,3,68
81.0,5,2
81.0,6,14
81.0,9,2
81.0,13,22
81.0,15,1
81.0,17,7
81.0,23,6
81.0,32,5
81.0,36,8
81.0,45,1
81.0,46,2
81.0,59,15
81.0,61,2
81.0,86,2
81.0,105,2
81.0,111,1
81.0,125,1
81.0,167,1
81.0,181,1
81.0,200,1
81.0,208,2
81.0,210,1
81.0,266,1
81.0,287,1
81.0,302,6
81.0,346,2
81.0,354,1
81.0,368,2
81.0,404,1
81.0,445,1
81.0,492,2
81.0,672,1
81.0,710,6
81.0,716,3
81.0,740,1
81.0,1054,2
81.0,1099,1
81.0,1100,2
81.0,1131,1
81.0,1165,1
81.0,1182,10
81.0,1195,1
81.0,1216,1
81.0,1260,5
81.0,1261,116
81.0,1272,1
81.0,1275,8
81.0,1278,2
81.0,1281,9
81.0,1303,2
81.0,1319,1
81.0,1329,1
81.0,1330,1
81.0,1331,1
81.0,1580,1
81.0,1733,1
81.0,1839,1
81.0,1840,1
81.0,1895,1
81.0,1907,1
81.0,2037,1
81.0,2049,1
81.0,2147,1
81.0,2251,2
81.0,2262,1
81.0,2443,1
81.0,2484,1
81.0,2488,1
81.0,2489,2
81.0,2596,2
81.0,2712,1
81.0,2807,1
81.0,2818,4
82.0,0,7
82.0,1,4
82.0,3,41
82.0,6,11
82.0,9,1
82.0,13,6
82.0,14,3
82.0,23,2
82.0,34,1
82.0,36,2
82.0,59,5
82.0,101,2
82.0,148,1
82.0,181,1
82.0,191,1
82.0,266,5
82.0,287,1
82.0,298,1
82.0,663,1
82.0,716,2
82.0,905,1
82.0,964,1
82.0,1261,3
82.0,2821,1
83.0,0,30
83.0,1,5
83.0,3,33
83.0,4,3
83.0,6,6
83.0,9,1
83.0,13,3
83.0,14,2
83.0,15,9
83.0,17,5
83.0,23,4
83.0,32,3
83.0,34,1
83.0,36,11
83.0,47,1
83.0,49,1
83.0,59,2
83.0,86,3
83.0,105,1
83.0,110,1
83.0,121,3
83.0,125,1
83.0,201,1
83.0,290,1
83.0,445,1
83.0,505,1
83.0,663,1
83.0,694,1
83.0,710,1
83.0,855,1
83.0,874,5
83.0,891,5
83.0,936,1
83.0,965,4
83.0,1029,1
83.0,1115,1
83.0,1150,3
83.0,1182,4
83.0,1260,8
83.0,1261,66
83.0,1281,2
83.0,1298,7
83.0,1314,1
83.0,1329,1
83.0,1330,1
83.0,1395,1
83.0,1581,1
83.0,1896,1
83.0,2127,1
83.0,2188,2
83.0,2191,2
83.0,2264,1
83.0,2535,1
83.0,2660,1
83.0,2690,1
83.0,2703,4
83.0,2957,1
84.0,0,20
84.0,1,7
84.0,3,91
84.0,4,5
84.0,6,28
84.0,9,2
84.0,13,18
84.0,32,1
84.0,36,3
84.0,39,1
84.0,59,4
84.0,64,2
84.0,86,1
84.0,108,1
84.0,181,1
84.0,216,3
84.0,287,2
84.0,314,1
84.0,539,2
84.0,624,1
84.0,827,2
84.0,874,1
84.0,965,2
84.0,1163,1
84.0,1198,1
84.0,1261,9
84.0,1281,1
84.0,1322,1
84.0,1847,2
84.0,2048,2
84.0,2116,3
84.0,2365,3
84.0,2432,1
84.0,2472,1
84.0,2773,2
84.0,2863,1
85.0,0,13
85.0,1,1
85.0,3,95
85.0,4,12
85.0,6,18
85.0,13,6
85.0,14,3
85.0,15,1
85.0,17,3
85.0,23,1
85.0,36,22
85.0,49,2
85.0,59,1
85.0,61,4
85.0,86,1
85.0,90,1
85.0,121,1
85.0,165,4
85.0,181,2
85.0,318,1
85.0,404,5
85.0,874,2
85.0,1040,1
85.0,1054,8
85.0,1233,2
85.0,1239,1
85.0,1261,19
85.0,1281,1
85.0,1328,1
85.0,1340,1
85.0,1945,1
85.0,2394,1
86.0,0,18
86.0,3,33
86.0,4,17
86.0,6,3
86.0,9,4
86.0,13,38
86.0,14,7
86.0,17,4
86.0,36,16
86.0,59,9
86.0,121,1
86.0,219,4
86.0,250,1
86.0,266,1
86.0,279,1
86.0,297,1
86.0,404,2
86.0,492,2
86.0,620,11
86.0,663,2
86.0,773,1
86.0,874,4
86.0,1090,2
86.0,1190,2
86.0,1240,10
86.0,1261,2
86.0,1325,2
86.0,2522,1
86.0,2708,4
86.0,2949,1
87.0,0,10
87.0,1,2
87.0,3,86
87.0,4,9
87.0,6,6
87.0,7,2
87.0,9,1
87.0,13,6
87.0,14,16
87.0,17,4
87.0,32,4
87.0,36,2
87.0,39,3
87.0,61,1
87.0,86,2
87.0,105,1
87.0,125,2
87.0,136,1
87.0,176,1
87.0,181,2
87.0,185,2
87.0,191,1
87.0,266,5
87.0,275,1
87.0,297,3
87.0,326,1
87.0,332,1
87.0,371,1
87.0,404,1
87.0,407,1
87.0,426,3
87.0,439,3
87.0,541,1
87.0,685,1
87.0,697,2
87.0,716,2
87.0,728,1
87.0,843,1
87.0,897,1
87.0,1024,1
87.0,1060,2
87.0,1141,1
87.0,1182,16
87.0,1198,1
87.0,1256,1
87.0,1261,6
87.0,1301,2
87.0,1328,7
87.0,1353,1
87.0,1389,6
87.0,1425,1
87.0,1469,1
87.0,1480,1
87.0,1707,1
87.0,1715,1
87.0,1876,1
87.0,1901,2
87.0,1925,1
87.0,2014,1
87.0,2067,1
87.0,2077,1
87.0,2082,1
87.0,2186,1
87.0,2201,3
87.0,2249,1
87.0,2299,2
87.0,2310,1
87.0,2347,1
87.0,2467,1
87.0,2558,4
87.0,2600,2
87.0,2711,14
88.0,0,13
88.0,1,5
88.0,3,83
88.0,4,27
88.0,6,9
88.0,9,7
88.0,13,36
88.0,14,5
88.0,17,1
88.0,32,1
88.0,36,5
88.0,39,1
88.0,49,2
88.0,59,4
88.0,61,2
88.0,65,1
88.0,100,1
88.0,135,1
88.0,151,2
88.0,183,1
88.0,251,1
88.0,290,1
88.0,314,1
88.0,440,1
88.0,603,1
88.0,626,1
88.0,753,1
88.0,790,4
88.0,936,1
88.0,1158,1
88.0,1228,1
88.0,1346,4
88.0,1352,2
88.0,1385,1
88.0,1657,1
88.0,1694,1
88.0,1711,2
88.0,1742,1
88.0,1815,1
88.0,2032,2
88.0,2279,1
88.0,2485,1
88.0,2519,4
88.0,2873,1
89.0,0,41
89.0,1,6
89.0,3,70
89.0,4,8
89.0,6,16
89.0,9,7
89.0,13,30
89.0,14,5
89.0,15,4
89.0,17,2
89.0,23,1
89.0,32,1
89.0,36,23
89.0,45,1
89.0,47,1
89.0,59,12
89.0,61,2
89.0,67,1
89.0,86,3
89.0,157,2
89.0,210,2
89.0,324,1
89.0,405,1
89.0,539,1
89.0,665,1
89.0,672,1
89.0,716,3
89.0,874,3
89.0,992,1
89.0,1040,1
89.0,1054,9
89.0,1130,1
89.0,1131,1
89.0,1141,1
89.0,1159,1
89.0,1171,1
89.0,1182,2
89.0,1260,2
89.0,1261,131
89.0,1263,4
89.0,1281,27
89.0,1286,1
89.0,1330,2
89.0,1370,3
89.0,1420,1
89.0,1510,1
89.0,1826,4
89.0,1833,1
89.0,1839,1
89.0,1908,1
89.0,2022,2
89.0,2025,1
89.0,2464,1
89.0,2493,1
89.0,2507,1
89.0,2516,2
89.0,2753,1
89.0,2904,1
90.0,0,14
90.0,1,20
90.0,3,92
90.0,4,33
90.0,5,7
90.0,6,23
90.0,9,10
90.0,13,11
90.0,14,31
90.0,17,1
90.0,36,2
90.0,39,2
90.0,59,4
90.0,61,1
90.0,72,1
90.0,103,1
90.0,138,5
90.0,151,4
90.0,181,3
90.0,231,1
90.0,238,1
90.0,297,1
90.0,313,1
90.0,366,1
90.0,492,3
90.0,494,1
90.0,578,2
90.0,790,2
90.0,791,1
90.0,851,1
90.0,852,1
90.0,1059,1
90.0,1093,1
90.0,1095,2
90.0,1182,1
90.0,1221,1
90.0,1346,1
90.0,1361,3
90.0,1391,2
90.0,1476,2
90.0,1547,1
90.0,1597,1
90.0,1619,1
90.0,1624,1
90.0,1688,1
90.0,1732,1
90.0,1804,2
90.0,1879,1
90.0,2029,1
90.0,2059,1
90.0,2190,1
90.0,2205,1
90.0,2216,1
91.0,0,29
91.0,1,16
91.0,3,138
91.0,4,4
91.0,6,4
91.0,9,3
91.0,13,8
91.0,14,3
91.0,15,8
91.0,17,1
91.0,32,3
91.0,34,2
91.0,36,6
91.0,39,1
91.0,45,1
91.0,46,2
91.0,49,7
91.0,61,3
91.0,86,6
91.0,104,1
91.0,120,1
91.0,231,1
91.0,261,1
91.0,382,1
91.0,419,1
91.0,422,1
91.0,1020,1
91.0,1054,3
91.0,1129,7
91.0,1141,1
91.0,1184,1
91.0,1195,2
91.0,1244,1
91.0,1261,47
91.0,1278,4
91.0,1330,1
91.0,1764,2
91.0,1904,2
91.0,2010,1
91.0,2422,3
91.0,2431,1
91.0,2494,1
91.0,2508,3
91.0,2581,1
91.0,2781,1
92.0,0,79
92.0,1,1
92.0,3,17
92.0,5,1
92.0,9,2
92.0,15,2
92.0,17,3
92.0,23,1
92.0,32,3
92.0,36,1
92.0,48,1
92.0,64,5
92.0,101,2
92.0,104,1
92.0,121,1
92.0,181,1
92.0,210,7
92.0,266,1
92.0,287,1
92.0,349,1
92.0,352,1
92.0,377,1
92.0,378,6
92.0,380,1
92.0,404,3
92.0,417,2
92.0,663,4
92.0,678,1
92.0,777,2
92.0,874,3
92.0,891,4
92.0,965,1
92.0,1130,5
92.0,1182,13
92.0,1183,2
92.0,1203,1
92.0,1260,15
92.0,1261,65
92.0,1281,4
92.0,1298,15
92.0,1376,1
92.0,1382,2
92.0,1569,1
92.0,1581,1
92.0,1738,2
92.0,2104,1
92.0,2602,1
92.0,2630,1
92.0,2653,1
92.0,2695,2
92.0,2941,1
92.0,2944,1
93.0,0,18
93.0,1,9
93.0,3,147
93.0,4,42
93.0,6,52
93.0,9,21
93.0,12,3
93.0,13,86
93.0,14,18
93.0,17,3
93.0,23,2
93.0,26,1
93.0,32,1
93.0,34,2
93.0,36,9
93.0,39,8
93.0,42,1
93.0,48,1
93.0,49,2
93.0,59,16
93.0,66,1
93.0,86,4
93.0,101,2
93.0,105,3
93.0,121,1
93.0,125,1
93.0,151,3
93.0,181,6
93.0,191,1
93.0,220,1
93.0,231,3
93.0,318,2
93.0,320,1
93.0,335,1
93.0,353,2
93.0,364,1
93.0,379,2
93.0,404,1
93.0,492,7
93.0,507,1
93.0,529,1
93.0,532,2
93.0,560,1
93.0,599,2
93.0,636,1
93.0,663,1
93.0,786,1
93.0,827,1
93.0,856,1
93.0,868,1
93.0,878,1
93.0,887,1
93.0,891,2
93.0,1000,1
93.0,1014,1
93.0,1044,1
93.0,1054,14
93.0,1082,1
93.0,1120,1
93.0,1173,1
93.0,1246,1
93.0,1253,4
93.0,1261,1
93.0,1280,1
93.0,1522,1
93.0,1543,1
93.0,1606,1
93.0,1698,1
93.0,1721,1
93.0,1801,2
93.0,1823,1
93.0,1911,2
93.0,1915,2
93.0,2000,1
93.0,2004,2
93.0,2005,1
93.0,2104,1
93.0,2115,1
93.0,2126,1
93.0,2175,1
93.0,2245,1
93.0,2247,5
93.0,2267,1
93.0,2272,1
93.0,2303,1
93.0,2359,1
93.0,2740,2
93.0,2866,1
94.0,0,15
94.0,1,4
94.0,3,53
94.0,4,13
94.0,5,3
94.0,6,33
94.0,9,16
94.0,13,66
94.0,14,19
94.0,17,2
94.0,18,1
94.0,23,2
94.0,32,3
94.0,34,1
94.0,36,4
94.0,45,1
94.0,49,2
94.0,53,1
94.0,59,13
94.0,105,1
94.0,121,2
94.0,181,3
94.0,266,1
94.0,539,2
94.0,599,1
94.0,706,1
94.0,1004,1
94.0,1015,1
94.0,1062,2
94.0,1091,2
94.0,1182,1
94.0,1221,1
94.0,1261,1
94.0,1306,1
94.0,1336,1
94.0,1432,1
94.0,1456,1
94.0,1733,1
94.0,1746,1
94.0,2030,1
94.0,2061,1
94.0,2088,1
94.0,2122,1
94.0,2160,1
94.0,2321,1
94.0,2409,1
94.0,2489,2
94.0,2497,2
94.0,2528,4
94.0,2638,1
95.0,0,4
95.0,1,1
95.0,3,54
95.0,5,2
95.0,6,3
95.0,9,8
95.0,13,5
95.0,14,3
95.0,17,5
95.0,23,6
95.0,32,1
95.0,34,1
95.0,36,4
95.0,39,1
95.0,42,1
95.0,49,3
95.0,121,1
95.0,165,2
95.0,216,2
95.0,231,1
95.0,404,1
95.0,492,1
95.0,716,1
95.0,783,1
95.0,845,1
95.0,1001,1
95.0,1147,3
95.0,1185,3
95.0,1261,3
95.0,1328,1
95.0,1436,1
95.0,1589,1
95.0,1953,2
95.0,2028,1
95.0,2107,1
95.0,2213,1
95.0,2241,1
95.0,2666,1
96.0,0,28
96.0,1,9
96.0,3,32
96.0,4,2
96.0,6,12
96.0,9,4
96.0,13,10
96.0,14,7
96.0,15,2
96.0,17,4
96.0,23,4
96.0,32,6
96.0,36,19
96.0,45,1
96.0,48,3
96.0,59,29
96.0,64,1
96.0,81,3
96.0,86,2
96.0,284,1
96.0,378,1
96.0,421,1
96.0,444,1
96.0,511,2
96.0,526,1
96.0,599,1
96.0,603,1
96.0,751,1
96.0,836,1
96.0,895,1
96.0,905,1
96.0,1038,1
96.0,1115,2
96.0,1120,1
96.0,1124,2
96.0,1158,1
96.0,1194,2
96.0,1236,6
96.0,1261,2
96.0,1272,5
96.0,1346,1
96.0,1381,1
96.0,1421,1
96.0,1632,1
96.0,1666,1
96.0,1672,1
96.0,1690,1
96.0,1709,2
96.0,1897,1
96.0,2039,2
96.0,2073,1
96.0,2115,1
96.0,2176,2
96.0,2270,2
96.0,2286,1
96.0,2331,2
96.0,2791,1
96.0,2838,1
96.0,2907,2
97.0,0,9
97.0,1,2
97.0,3,63
97.0,4,44
97.0,6,14
97.0,9,1
97.0,13,41
97.0,14,6
97.0,17,1
97.0,23,1
97.0,49,6
97.0,59,1
97.0,202,2
97.0,266,1
97.0,344,1
97.0,562,1
97.0,620,1
97.0,790,2
97.0,946,1
97.0,1060,1
97.0,1092,4
97.0,1234,1
97.0,1449,1
97.0,1702,1
97.0,2060,2
97.0,2132,1
97.0,2160,1
97.0,2239,1
97.0,2337,6
97.0,2947,1
98.0,0,36
98.0,1,4
98.0,3,61
98.0,4,1
98.0,6,1
98.0,13,6
98.0,14,1
98.0,23,2
98.0,36,5
98.0,39,1
98.0,48,3
98.0,49,1
98.0,59,1
98.0,76,1
98.0,105,1
98.0,120,2
98.0,266,1
98.0,351,1
98.0,427,1
98.0,581,1
98.0,961,1
98.0,1054,10
98.0,1177,1
98.0,1261,38
98.0,1278,1
98.0,1281,14
98.0,1318,10
98.0,1360,8
98.0,1373,2
98.0,2598,1
98.0,2664,1
98.0,2817,1
99.0,0,17
99.0,1,8
99.0,3,60
99.0,4,13
99.0,5,1
99.0,6,8
99.0,7,1
99.0,9,4
99.0,13,26
99.0,14,5
99.0,17,18
99.0,23,5
99.0,30,1
99.0,32,1
99.0,34,1
99.0,36,1
99.0,39,1
99.0,42,2
99.0,49,5
99.0,59,5
99.0,61,1
99.0,86,8
99.0,87,1
99.0,92,1
99.0,105,6
99.0,121,3
99.0,125,5
99.0,151,2
99.0,181,8
99.0,290,1
99.0,297,1
99.0,300,2
99.0,313,2
99.0,318,8
99.0,438,1
99.0,492,3
99.0,575,3
99.0,612,1
99.0,651,2
99.0,663,1
99.0,704,1
99.0,716,1
99.0,731,1
99.0,874,1
99.0,923,1
99.0,941,1
99.0,1025,1
99.0,1054,1
99.0,1062,1
99.0,1071,4
99.0,1087,2
99.0,1138,1
99.0,1174,2
99.0,1182,8
99.0,1221,1
99.0,1261,1
99.0,1520,1
99.0,1591,1
99.0,1594,1
99.0,1707,2
99.0,1745,1
99.0,1747,1
99.0,1751,1
99.0,1759,1
99.0,1782,2
99.0,1788,2
99.0,1807,1
99.0,1840,1
99.0,1994,1
99.0,2145,1
99.0,2164,1
99.0,2184,2
99.0,2253,1
99.0,2256,1
99.0,2315,1
99.0,2465,3
99.0,2484,1
99.0,2572,1
99.0,2644,1
99.0,2699,3
99.0,2758,2
99.0,2768,1
99.0,2801,1
99.0,2821,2
100.0,0,54
100.0,1,4
100.0,3,34
100.0,4,4
100.0,5,2
100.0,6,4
100.0,9,4
100.0,13,15
100.0,14,2
100.0,17,14
100.0,32,4
100.0,36,3
100.0,39,1
100.0,46,6
100.0,49,3
100.0,59,2
100.0,61,1
100.0,64,2
100.0,86,2
100.0,121,1
100.0,148,1
100.0,210,3
100.0,266,1
100.0,342,1
100.0,377,1
100.0,404,2
100.0,417,3
100.0,437,1
100.0,546,1
100.0,565,1
100.0,617,1
100.0,663,10
100.0,766,1
100.0,874,5
100.0,891,11
100.0,937,1
100.0,1110,1
100.0,1154,1
100.0,1182,4
100.0,1261,59
100.0,1281,1
100.0,1298,7
100.0,1299,1
100.0,1330,2
100.0,1397,11
100.0,1399,1
100.0,1404,1
100.0,1427,1
100.0,1571,1
100.0,1669,1
100.0,1963,1
100.0,2275,1
100.0,2280,2
100.0,2602,1
100.0,2708,4
101.0,0,42
101.0,3,8
101.0,5,1
101.0,6,3
101.0,9,1
101.0,13,2
101.0,15,13
101.0,17,4
101.0,32,1
101.0,36,4
101.0,46,3
101.0,49,1
101.0,64,2
101.0,86,3
101.0,105,1
101.0,121,6
101.0,125,2
101.0,181,1
101.0,200,1
101.0,210,2
101.0,287,1
101.0,314,1
101.0,322,4
101.0,454,1
101.0,678,3
101.0,710,2
101.0,858,5
101.0,891,2
101.0,965,2
101.0,969,4
101.0,1130,1
101.0,1144,1
101.0,1150,1
101.0,1182,22
101.0,1184,1
101.0,1224,1
101.0,1260,10
101.0,1261,252
101.0,1262,7
101.0,1268,1
101.0,1269,4
101.0,1281,28
101.0,1298,1
101.0,1329,4
101.0,1330,9
101.0,1331,3
101.0,1387,2
101.0,1395,3
101.0,2348,2
101.0,2386,1
101.0,2505,1
101.0,2707,1
102.0,0,7
102.0,1,7
102.0,3,30
102.0,4,10
102.0,6,3
102.0,9,3
102.0,13,8
102.0,14,6
102.0,17,5
102.0,23,1
102.0,30,1
102.0,32,2
102.0,36,1
102.0,49,1
102.0,59,16
102.0,62,1
102.0,64,1
102.0,82,1
102.0,165,1
102.0,181,3
102.0,219,1
102.0,278,1
102.0,403,9
102.0,408,1
102.0,723,1
102.0,965,1
102.0,992,1
102.0,1045,1
102.0,1515,3
102.0,1568,1
102.0,1601,1
102.0,1889,1
102.0,1935,2
102.0,1951,2
102.0,2086,2
102.0,2177,2
102.0,2349,1
102.0,2485,1
102.0,2564,1
102.0,2579,2
102.0,2806,3
103.0,0,3
103.0,1,2
103.0,3,50
103.0,4,4
103.0,6,19
103.0,9,8
103.0,13,3
103.0,14,11
103.0,17,1
103.0,23,2
103.0,36,1
103.0,49,1
103.0,59,7
103.0,86,1
103.0,100,1
103.0,165,4
103.0,216,1
103.0,266,1
103.0,273,1
103.0,383,1
103.0,475,1
103.0,618,1
103.0,688,1
103.0,764,1
103.0,823,1
103.0,827,1
103.0,1042,1
103.0,1173,2
103.0,1261,1
103.0,1410,1
103.0,1450,1
103.0,1619,1
103.0,2070,2
103.0,2154,2
103.0,2196,1
103.0,2663,1
104.0,0,44
104.0,1,7
104.0,3,29
104.0,4,1
104.0,6,33
104.0,9,5
104.0,13,17
104.0,14,1
104.0,17,5
104.0,23,2
104.0,32,5
104.0,34,1
104.0,36,18
104.0,39,2
104.0,42,1
104.0,48,3
104.0,49,2
104.0,59,6
104.0,61,4
104.0,64,2
104.0,105,1
104.0,121,3
104.0,146,1
104.0,342,1
104.0,404,4
104.0,406,1
104.0,428,4
104.0,438,1
104.0,492,1
104.0,524,2
104.0,681,1
104.0,874,1
104.0,891,5
104.0,1063,2
104.0,1092,1
104.0,1110,1
104.0,1115,1
104.0,1182,11
104.0,1260,8
104.0,1261,15
104.0,1295,11
104.0,1298,3
104.0,1330,1
104.0,1382,1
104.0,1471,1
104.0,1710,1
104.0,1712,1
104.0,1969,1
104.0,2223,1
104.0,2495,1
104.0,2633,4
104.0,2715,1
104.0,2749,1
104.0,2903,1
104.0,2910,1
104.0,2933,1
104.0,2941,1
104.0,2943,1
105.0,0,11
105.0,1,5
105.0,3,82
105.0,4,5
105.0,6,10
105.0,9,8
105.0,13,15
105.0,14,12
105.0,17,1
105.0,32,6
105.0,49,1
105.0,59,2
105.0,61,6
105.0,86,1
105.0,101,1
105.0,105,1
105.0,175,1
105.0,352,1
105.0,635,1
105.0,874,1
105.0,963,1
105.0,1123,1
105.0,1206,1
105.0,1235,12
105.0,1261,12
105.0,1281,2
105.0,1352,2
105.0,1353,1
105.0,1800,1
105.0,2256,1
106.0,0,26
106.0,1,1
106.0,3,89
106.0,4,6
106.0,6,14
106.0,9,4
106.0,12,9
106.0,13,15
106.0,14,7
106.0,23,3
106.0,32,2
106.0,36,10
106.0,39,1
106.0,48,2
106.0,59,5
106.0,61,2
106.0,108,1
106.0,165,1
106.0,169,1
106.0,200,1
106.0,239,1
106.0,272,1
106.0,290,3
106.0,543,1
106.0,965,2
106.0,1181,2
106.0,1236,1
106.0,1261,4
106.0,1281,1
106.0,1424,2
106.0,1786,1
106.0,1859,1
106.0,1877,1
106.0,1971,2
106.0,2498,4
107.0,0,48
107.0,1,2
107.0,3,10
107.0,4,1
107.0,6,8
107.0,7,1
107.0,13,5
107.0,14,26
107.0,15,3
107.0,17,4
107.0,23,1
107.0,32,1
107.0,36,1
107.0,39,1
107.0,46,4
107.0,49,5
107.0,59,11
107.0,64,4
107.0,104,1
107.0,134,1
107.0,163,1
107.0,165,1
107.0,210,3
107.0,228,1
107.0,277,2
107.0,315,1
107.0,346,1
107.0,379,2
107.0,432,1
107.0,444,4
107.0,553,2
107.0,638,4
107.0,721,1
107.0,739,1
107.0,804,1
107.0,874,2
107.0,891,1
107.0,1094,3
107.0,1182,11
107.0,1183,3
107.0,1217,2
107.0,1231,1
107.0,1261,144
107.0,1262,7
107.0,1263,14
107.0,1286,2
107.0,1322,2
107.0,1329,1
107.0,1331,1
107.0,1335,1
107.0,1519,1
107.0,1737,1
107.0,1748,1
107.0,1776,1
107.0,1852,1
107.0,1960,1
107.0,2068,2
107.0,2105,1
107.0,2173,1
107.0,2350,1
107.0,2427,1
107.0,2463,1
107.0,2503,4
107.0,2520,1
107.0,2906,1
108.0,0,43
108.0,1,6
108.0,3,17
108.0,4,4
108.0,6,1
108.0,9,3
108.0,13,1
108.0,14,2
108.0,17,6
108.0,34,1
108.0,36,8
108.0,42,3
108.0,46,2
108.0,49,1
108.0,59,2
108.0,86,3
108.0,105,1
108.0,149,1
108.0,210,3
108.0,266,1
108.0,287,1
108.0,291,2
108.0,411,2
108.0,1002,1
108.0,1094,2
108.0,1182,4
108.0,1261,164
108.0,1262,2
108.0,1263,1
108.0,1281,8
108.0,1329,1
108.0,1330,1
108.0,1335,1
108.0,1367,1
108.0,1387,3
108.0,1395,2
108.0,1442,1
108.0,1505,1
108.0,1519,1
108.0,2055,2
108.0,2146,2
108.0,2335,1
108.0,2397,3
108.0,2475,3
108.0,2511,1
108.0,2573,1
108.0,2710,15
108.0,2856,1
108.0,2906,1
109.0,0,23
109.0,1,3
109.0,3,156
109.0,4,9
109.0,6,16
109.0,9,19
109.0,13,10
109.0,15,2
109.0,17,4
109.0,23,1
109.0,32,2
109.0,36,46
109.0,45,1
109.0,46,1
109.0,48,1
109.0,49,2
109.0,59,4
109.0,61,1
109.0,86,4
109.0,105,4
109.0,125,1
109.0,165,1
109.0,191,3
109.0,266,1
109.0,379,1
109.0,1109,1
109.0,1126,1
109.0,1152,1
109.0,1187,1
109.0,1207,1
109.0,1241,1
109.0,1244,2
109.0,1261,59
109.0,1281,2
109.0,1328,1
109.0,1637,1
109.0,1741,1
109.0,1775,1
109.0,1876,1
109.0,1925,1
109.0,1966,2
109.0,2145,1
109.0,2568,1
110.0,0,11
110.0,1,2
110.0,3,15
110.0,4,5
110.0,7,2
110.0,9,1
110.0,13,5
110.0,14,5
110.0,17,2
110.0,23,5
110.0,32,2
110.0,36,4
110.0,128,1
110.0,181,4
110.0,318,8
110.0,345,1
110.0,551,1
110.0,903,1
110.0,1005,1
110.0,1024,2
110.0,1336,3
110.0,1515,1
110.0,1562,1
110.0,1960,1
110.0,2008,1
110.0,2015,1
110.0,2033,2
110.0,2162,2
110.0,2281,1
110.0,2283,1
110.0,2416,3
110.0,2706,1
110.0,2842,1
111.0,0,24
111.0,1,6
111.0,3,104
111.0,4,4
111.0,6,9
111.0,7,1
111.0,9,2
111.0,13,20
111.0,14,10
111.0,15,1
111.0,17,2
111.0,20,1
111.0,23,1
111.0,30,2
111.0,32,9
111.0,36,1
111.0,42,1
111.0,48,2
111.0,49,3
111.0,59,5
111.0,64,1
111.0,86,1
111.0,101,1
111.0,104,2
111.0,125,1
111.0,165,1
111.0,209,2
111.0,239,1
111.0,266,3
111.0,290,1
111.0,291,1
111.0,297,1
111.0,320,1
111.0,341,4
111.0,387,1
111.0,403,3
111.0,445,9
111.0,459,1
111.0,479,1
111.0,531,1
111.0,547,1
111.0,551,2
111.0,559,1
111.0,567,1
111.0,688,1
111.0,704,1
111.0,705,2
111.0,712,1
111.0,846,1
111.0,874,2
111.0,891,1
111.0,905,6
111.0,1051,1
111.0,1054,2
111.0,1120,1
111.0,1134,1
111.0,1146,1
111.0,1151,2
111.0,1174,3
111.0,1175,1
111.0,1182,8
111.0,1248,1
111.0,1261,14
111.0,1279,1
111.0,1310,3
111.0,1339,1
111.0,1381,24
111.0,1463,1
111.0,1618,1
111.0,1747,1
111.0,1751,1
111.0,1765,2
111.0,1861,2
111.0,1888,1
111.0,1934,3
111.0,1960,1
111.0,1988,1
111.0,2169,2
111.0,2182,1
111.0,2298,2
111.0,2311,2
111.0,2430,1
111.0,2461,1
111.0,2471,3
111.0,2590,2
111.0,2699,1
111.0,2726,1
111.0,2771,1
111.0,2785,1
111.0,2923,2
111.0,2956,2
112.0,0,77
112.0,1,1
112.0,3,78
112.0,4,5
112.0,13,3
112.0,14,3
112.0,15,37
112.0,17,5
112.0,32,1
112.0,36,6
112.0,39,5
112.0,46,6
112.0,48,1
112.0,49,4
112.0,59,1
112.0,64,2
112.0,86,4
112.0,97,1
112.0,210,1
112.0,234,1
112.0,277,2
112.0,287,1
112.0,311,1
112.0,445,2
112.0,617,1
112.0,694,1
112.0,761,1
112.0,779,1
112.0,874,4
112.0,905,3
112.0,908,1
112.0,975,1
112.0,1054,3
112.0,1129,3
112.0,1130,2
112.0,1137,1
112.0,1182,2
112.0,1260,2
112.0,1261,115
112.0,1281,2
112.0,1291,2
112.0,1330,3
112.0,1343,11
112.0,1486,1
112.0,1672,2
112.0,1837,2
112.0,1890,1
112.0,2204,1
112.0,2268,2
112.0,2470,1
112.0,2532,1
113.0,0,17
113.0,1,4
113.0,3,16
113.0,4,6
113.0,6,3
113.0,9,1
113.0,13,7
113.0,14,3
113.0,17,8
113.0,32,1
113.0,36,22
113.0,42,1
113.0,49,6
113.0,59,8
113.0,86,4
113.0,90,1
113.0,104,1
113.0,129,1
113.0,216,1
113.0,286,1
113.0,290,1
113.0,383,1
113.0,438,1
113.0,551,1
113.0,874,7
113.0,891,1
113.0,912,1
113.0,1022,1
113.0,1175,1
113.0,1181,2
113.0,1261,8
113.0,1272,1
113.0,1293,1
113.0,1314,1
113.0,1355,1
113.0,1658,1
113.0,1768,1
113.0,2135,1
113.0,2383,2
113.0,2527,3
113.0,2535,1
113.0,2627,2
113.0,2745,1
114.0,0,81
114.0,1,6
114.0,3,54
114.0,4,5
114.0,5,1
114.0,6,6
114.0,9,11
114.0,13,37
114.0,15,2
114.0,17,8
114.0,23,4
114.0,32,12
114.0,34,1
114.0,36,4
114.0,42,1
114.0,49,3
114.0,59,11
114.0,61,2
114.0,64,12
114.0,105,3
114.0,121,4
114.0,148,2
114.0,167,1
114.0,210,1
114.0,234,1
114.0,249,1
114.0,300,8
114.0,316,1
114.0,318,1
114.0,320,1
114.0,341,4
114.0,404,5
114.0,509,1
114.0,539,1
114.0,653,1
114.0,663,37
114.0,704,2
114.0,733,1
114.0,769,1
114.0,874,7
114.0,891,2
114.0,901,1
114.0,956,1
114.0,958,1
114.0,965,1
114.0,1090,2
114.0,1178,3
114.0,1182,2
114.0,1261,18
114.0,1278,1
114.0,1330,1
114.0,1331,1
114.0,1334,1
114.0,1396,1
114.0,1440,1
114.0,1551,1
114.0,1604,1
114.0,1625,1
114.0,1915,2
114.0,1947,1
114.0,2019,2
114.0,2042,1
114.0,2104,5
114.0,2179,1
114.0,2198,1
114.0,2370,1
114.0,2622,2
114.0,2828,1
114.0,2852,1
115.0,0,11
115.0,1,1
115.0,3,95
115.0,4,13
115.0,6,17
115.0,9,5
115.0,13,26
115.0,14,12
115.0,15,2
115.0,17,6
115.0,23,1
115.0,30,1
115.0,32,3
115.0,36,4
115.0,39,3
115.0,42,3
115.0,49,1
115.0,59,8
115.0,61,1
115.0,62,1
115.0,70,1
115.0,86,2
115.0,88,1
115.0,104,1
115.0,105,6
115.0,125,1
115.0,165,1
115.0,182,1
115.0,204,1
115.0,212,2
115.0,216,2
115.0,266,3
115.0,353,1
115.0,356,2
115.0,375,1
115.0,379,1
115.0,493,1
115.0,507,1
115.0,532,1
115.0,628,1
115.0,636,10
115.0,663,2
115.0,677,1
115.0,730,1
115.0,874,1
115.0,912,1
115.0,919,1
115.0,920,1
115.0,977,1
115.0,982,1
115.0,1054,2
115.0,1081,2
115.0,1135,1
115.0,1170,1
115.0,1181,2
115.0,1224,3
115.0,1258,2
115.0,1261,2
115.0,1273,1
115.0,1281,2
115.0,1345,12
115.0,1384,12
115.0,1392,1
115.0,1590,2
115.0,1615,1
115.0,1616,1
115.0,1682,1
115.0,1773,2
115.0,1794,1
115.0,1841,1
115.0,1878,1
115.0,1962,2
115.0,1968,1
115.0,1990,1
115.0,2069,1
115.0,2074,2
115.0,2090,1
115.0,2175,1
115.0,2255,2
115.0,2359,1
115.0,2407,1
115.0,2461,1
115.0,2593,2
115.0,2618,1
115.0,2669,1
115.0,2674,1
115.0,2723,1
115.0,2735,1
115.0,2740,1
115.0,2825,1
115.0,2834,1
115.0,2927,1
116.0,0,24
116.0,1,5
116.0,3,101
116.0,4,31
116.0,6,38
116.0,9,12
116.0,13,28
116.0,14,22
116.0,17,3
116.0,32,3
116.0,36,1
116.0,39,1
116.0,49,4
116.0,59,3
116.0,61,2
116.0,92,2
116.0,101,1
116.0,104,2
116.0,121,1
116.0,148,3
116.0,221,1
116.0,238,1
116.0,242,1
116.0,287,1
116.0,290,8
116.0,340,1
116.0,368,1
116.0,398,1
116.0,404,1
116.0,426,2
116.0,502,1
116.0,514,1
116.0,588,1
116.0,690,1
116.0,790,12
116.0,827,1
116.0,1123,1
116.0,1159,1
116.0,1261,3
116.0,1294,1
116.0,1301,2
116.0,1359,1
116.0,1451,1
116.0,1516,1
116.0,1549,1
116.0,1802,2
116.0,1965,1
116.0,1985,1
116.0,2158,2
116.0,2165,1
116.0,2426,3
116.0,2663,2
116.0,2952,1
117.0,0,16
117.0,1,4
117.0,3,92
117.0,4,11
117.0,6,44
117.0,9,3
117.0,13,27
117.0,14,10
117.0,17,1
117.0,31,1
117.0,32,5
117.0,34,2
117.0,36,1
117.0,39,2
117.0,49,1
117.0,59,4
117.0,61,2
117.0,105,1
117.0,138,1
117.0,165,6
117.0,193,2
117.0,266,2
117.0,438,4
117.0,439,5
117.0,492,1
117.0,541,1
117.0,555,1
117.0,578,2
117.0,679,1
117.0,720,3
117.0,759,1
117.0,819,1
117.0,974,1
117.0,981,1
117.0,1024,1
117.0,1044,1
117.0,1173,1
117.0,1182,1
117.0,1246,1
117.0,1293,1
117.0,1301,2
117.0,1309,1
117.0,1325,2
117.0,1349,12
117.0,1431,1
117.0,1439,1
117.0,1546,1
117.0,1651,1
117.0,1762,1
117.0,1836,2
117.0,1866,1
117.0,1879,1
117.0,2015,1
117.0,2085,1
117.0,2102,1
117.0,2139,1
117.0,2193,2
117.0,2276,1
117.0,2293,1
117.0,2356,1
117.0,2509,1
117.0,2958,2
118.0,0,31
118.0,1,3
118.0,3,137
118.0,4,3
118.0,6,41
118.0,9,9
118.0,13,40
118.0,14,8
118.0,15,4
118.0,36,17
118.0,48,3
118.0,49,1
118.0,59,22
118.0,61,1
118.0,90,1
118.0,101,1
118.0,105,1
118.0,121,1
118.0,316,9
118.0,318,2
118.0,405,5
118.0,547,1
118.0,874,19
118.0,961,1
118.0,1054,4
118.0,1163,1
118.0,1182,1
118.0,1250,1
118.0,1252,1
118.0,1261,137
118.0,1263,4
118.0,1272,4
118.0,1281,21
118.0,1305,1
118.0,1329,1
118.0,1382,2
118.0,1727,1
118.0,2028,2
118.0,2052,1
118.0,2464,1
118.0,2584,1
118.0,2753,1
118.0,2835,1
119.0,0,23
119.0,1,3
119.0,3,43
119.0,4,11
119.0,6,19
119.0,9,3
119.0,13,21
119.0,14,2
119.0,17,1
119.0,23,1
119.0,36,7
119.0,46,2
119.0,48,2
119.0,49,1
119.0,59,3
119.0,61,3
119.0,64,1
119.0,86,1
119.0,101,1
119.0,125,4
119.0,167,4
119.0,210,1
119.0,266,1
119.0,404,22
119.0,423,1
119.0,453,1
119.0,599,1
119.0,638,2
119.0,657,4
119.0,695,1
119.0,891,1
119.0,898,1
119.0,944,1
119.0,977,1
119.0,1091,1
119.0,1182,7
119.0,1261,65
119.0,1262,2
119.0,1263,1
119.0,1281,3
119.0,1301,1
119.0,1322,3
119.0,1382,1
119.0,1387,1
119.0,1513,1
119.0,1608,1
119.0,2117,1
119.0,2275,1
119.0,2306,1
119.0,2469,1
119.0,2628,2
119.0,2792,2
119.0,2809,4
119.0,2912,2
119.0,2959,4
120.0,0,49
120.0,1,2
120.0,3,90
120.0,4,4
120.0,6,8
120.0,7,1
120.0,9,1
120.0,13,13
120.0,14,10
120.0,23,5
120.0,32,1
120.0,36,17
120.0,39,3
120.0,45,1
120.0,59,6
120.0,86,1
120.0,100,1
120.0,104,1
120.0,125,1
120.0,151,1
120.0,191,2
120.0,287,1
120.0,297,1
120.0,356,2
120.0,550,1
120.0,654,1
120.0,663,1
120.0,664,1
120.0,665,1
120.0,753,1
120.0,914,1
120.0,930,1
120.0,976,1
120.0,1232,4
120.0,1239,1
120.0,1244,1
120.0,1261,11
120.0,1350,2
120.0,1698,1
120.0,1707,1
120.0,1710,1
120.0,1746,2
120.0,2133,2
120.0,2240,1
120.0,2338,2
120.0,2341,1
120.0,2527,1
120.0,2579,2
121.0,0,12
121.0,1,14
121.0,3,70
121.0,4,9
121.0,6,15
121.0,9,14
121.0,13,58
121.0,14,15
121.0,17,2
121.0,23,1
121.0,32,1
121.0,42,1
121.0,49,2
121.0,59,6
121.0,101,4
121.0,104,1
121.0,105,12
121.0,324,1
121.0,404,1
121.0,539,6
121.0,621,1
121.0,827,2
121.0,828,1
121.0,874,1
121.0,1063,2
121.0,1091,1
121.0,1092,4
121.0,1175,1
121.0,1178,1
121.0,1206,1
121.0,1225,2
121.0,1261,8
121.0,1942,2
121.0,1999,1
121.0,2023,2
121.0,2150,1
121.0,2194,1
121.0,2517,4
121.0,2537,2
121.0,2921,1
122.0,0,66
122.0,1,6
122.0,3,41
122.0,4,8
122.0,6,7
122.0,9,3
122.0,13,8
122.0,14,3
122.0,15,8
122.0,17,7
122.0,36,1
122.0,42,1
122.0,46,4
122.0,48,1
122.0,49,5
122.0,86,2
122.0,92,1
122.0,129,3
122.0,193,1
122.0,198,1
122.0,200,1
122.0,210,7
122.0,266,3
122.0,277,2
122.0,281,1
122.0,387,1
122.0,445,1
122.0,486,1
122.0,517,1
122.0,551,1
122.0,611,1
122.0,633,1
122.0,709,1
122.0,740,1
122.0,804,1
122.0,865,1
122.0,874,1
122.0,945,1
122.0,1054,3
122.0,1131,1
122.0,1143,1
122.0,1155,1
122.0,1182,94
122.0,1183,3
122.0,1209,5
122.0,1215,3
122.0,1216,1
122.0,1260,9
122.0,1261,253
122.0,1263,4
122.0,1281,5
122.0,1298,1
122.0,1329,2
122.0,1330,2
122.0,1331,1
122.0,1386,2
122.0,1408,1
122.0,1486,1
122.0,1583,1
122.0,1640,1
122.0,1750,2
122.0,1779,1
122.0,1924,1
122.0,1926,1
122.0,1939,2
122.0,1944,1
122.0,1978,1
122.0,1989,1
122.0,2484,1
122.0,2529,4
122.0,2553,4
122.0,2642,1
122.0,2790,2
123.0,0,25
123.0,1,2
123.0,3,106
123.0,4,9
123.0,5,1
123.0,6,22
123.0,7,1
123.0,9,7
123.0,13,57
123.0,14,2
123.0,15,3
123.0,17,8
123.0,23,1
123.0,32,8
123.0,36,30
123.0,45,1
123.0,49,5
123.0,59,14
123.0,61,1
123.0,64,1
123.0,86,1
123.0,90,1
123.0,105,1
123.0,125,30
123.0,175,1
123.0,181,1
123.0,208,1
123.0,263,6
123.0,266,9
123.0,275,2
123.0,287,1
123.0,295,1
123.0,297,3
123.0,326,1
123.0,341,3
123.0,352,2
123.0,374,1
123.0,379,3
123.0,383,1
123.0,492,1
123.0,545,1
123.0,874,2
123.0,907,2
123.0,965,2
123.0,1001,2
123.0,1054,2
123.0,1105,1
123.0,1130,1
123.0,1138,1
123.0,1148,1
123.0,1182,8
123.0,1248,3
123.0,1252,1
123.0,1260,3
123.0,1261,75
123.0,1266,1
123.0,1277,1
123.0,1279,2
123.0,1281,16
123.0,1288,1
123.0,1304,3
123.0,1319,2
123.0,1330,1
123.0,1331,1
123.0,1356,12
123.0,1364,1
123.0,1458,1
123.0,1589,4
123.0,1733,1
123.0,1909,3
123.0,1941,2
123.0,1996,6
123.0,2036,1
123.0,2038,1
123.0,2289,1
123.0,2601,4
123.0,2676,1
123.0,2695,2
123.0,2712,3
123.0,2781,1
123.0,2886,1
124.0,0,101
124.0,1,3
124.0,3,24
124.0,4,1
124.0,6,2
124.0,9,2
124.0,13,3
124.0,14,4
124.0,15,14
124.0,17,8
124.0,36,3
124.0,46,3
124.0,48,4
124.0,49,7
124.0,58,1
124.0,59,1
124.0,64,1
124.0,100,2
124.0,106,1
124.0,121,1
124.0,148,2
124.0,167,1
124.0,172,1
124.0,210,9
124.0,216,1
124.0,239,1
124.0,266,1
124.0,314,2
124.0,352,1
124.0,360,1
124.0,455,1
124.0,474,1
124.0,561,1
124.0,637,1
124.0,709,1
124.0,710,1
124.0,732,1
124.0,874,3
124.0,882,4
124.0,965,4
124.0,979,1
124.0,1038,1
124.0,1062,1
124.0,1101,1
124.0,1143,1
124.0,1182,70
124.0,1183,3
124.0,1208,1
124.0,1224,1
124.0,1229,1
124.0,1260,11
124.0,1261,362
124.0,1263,2
124.0,1268,1
124.0,1270,5
124.0,1277,1
124.0,1281,47
124.0,1286,3
124.0,1299,1
124.0,1301,4
124.0,1329,3
124.0,1330,7
124.0,1331,2
124.0,1386,1
124.0,1387,3
124.0,1395,5
124.0,1398,9
124.0,1486,1
124.0,1498,1
124.0,1503,1
124.0,1588,1
124.0,1853,1
124.0,1892,1
124.0,2264,1
124.0,2381,1
124.0,2386,1
124.0,2387,2
124.0,2514,3
124.0,2567,1
124.0,2624,1
124.0,2916,1
125.0,0,41
125.0,1,4
125.0,3,23
125.0,4,5
125.0,6,4
125.0,7,1
125.0,9,2
125.0,13,10
125.0,14,1
125.0,15,1
125.0,17,4
125.0,36,3
125.0,39,1
125.0,46,4
125.0,49,8
125.0,59,4
125.0,64,1
125.0,86,2
125.0,101,1
125.0,121,1
125.0,200,3
125.0,266,1
125.0,287,2
125.0,379,1
125.0,556,1
125.0,624,1
125.0,663,2
125.0,704,1
125.0,874,6
125.0,965,1
125.0,1065,1
125.0,1182,7
125.0,1183,5
125.0,1217,2
125.0,1240,1
125.0,1260,5
125.0,1261,77
125.0,1262,2
125.0,1263,1
125.0,1281,8
125.0,1298,2
125.0,1329,3
125.0,1330,1
125.0,1331,2
125.0,1367,1
125.0,1395,1
125.0,1745,1
125.0,1781,2
125.0,1830,1
125.0,1976,1
125.0,2064,1
125.0,2128,3
125.0,2275,1
125.0,2313,1
125.0,2325,1
125.0,2373,3
125.0,2544,1
125.0,2549,1
125.0,2742,2
125.0,2783,1
125.0,2814,2
126.0,0,9
126.0,1,6
126.0,3,64
126.0,4,5
126.0,6,11
126.0,9,4
126.0,13,8
126.0,14,8
126.0,17,4
126.0,32,4
126.0,39,4
126.0,42,3
126.0,45,1
126.0,48,1
126.0,49,1
126.0,59,1
126.0,92,1
126.0,125,1
126.0,131,1
126.0,165,5
126.0,193,1
126.0,247,1
126.0,314,1
126.0,339,1
126.0,379,1
126.0,401,1
126.0,461,1
126.0,489,1
126.0,663,1
126.0,781,3
126.0,803,1
126.0,827,1
126.0,866,1
126.0,875,1
126.0,985,3
126.0,1008,1
126.0,1050,1
126.0,1113,1
126.0,1175,1
126.0,1258,1
126.0,1274,2
126.0,1531,1
126.0,1534,1
126.0,1582,1
126.0,1621,1
126.0,1650,1
126.0,1704,1
126.0,1746,2
126.0,1807,1
126.0,1881,1
126.0,2081,1
126.0,2477,2
126.0,2490,1
126.0,2557,2
126.0,2822,1
126.0,2874,1
126.0,2905,1
127.0,0,58
127.0,1,11
127.0,3,88
127.0,4,5
127.0,6,28
127.0,9,10
127.0,12,1
127.0,13,71
127.0,14,9
127.0,15,2
127.0,17,4
127.0,23,4
127.0,32,5
127.0,34,3
127.0,36,18
127.0,39,2
127.0,48,3
127.0,49,2
127.0,59,18
127.0,61,2
127.0,69,1
127.0,86,1
127.0,105,14
127.0,137,1
127.0,151,2
127.0,191,1
127.0,219,1
127.0,266,1
127.0,314,3
127.0,395,1
127.0,404,2
127.0,511,1
127.0,603,1
127.0,663,18
127.0,891,1
127.0,903,1
127.0,925,1
127.0,1043,2
127.0,1115,1
127.0,1171,4
127.0,1173,1
127.0,1182,2
127.0,1261,3
127.0,1354,7
127.0,1492,1
127.0,1693,2
127.0,1738,4
127.0,1803,1
127.0,1963,1
127.0,1969,2
127.0,2035,1
127.0,2042,2
127.0,2104,1
127.0,2199,6
127.0,2247,1
127.0,2374,2
127.0,2439,2
127.0,2482,2
127.0,2622,2
127.0,2657,1
127.0,2866,1
128.0,0,7
128.0,1,5
128.0,3,35
128.0,4,12
128.0,6,15
128.0,13,10
128.0,14,8
128.0,17,2
128.0,23,7
128.0,32,1
128.0,36,9
128.0,39,1
128.0,49,1
128.0,55,1
128.0,59,8
128.0,86,2
128.0,160,2
128.0,169,1
128.0,191,5
128.0,302,2
128.0,379,3
128.0,404,1
128.0,435,3
128.0,539,1
128.0,882,1
128.0,1052,2
128.0,1150,1
128.0,1615,1
128.0,2016,1
128.0,2619,4
129.0,0,5
129.0,1,3
129.0,3,105
129.0,4,10
129.0,6,17
129.0,9,1
129.0,13,7
129.0,14,6
129.0,17,3
129.0,27,1
129.0,28,1
129.0,32,5
129.0,36,2
129.0,48,1
129.0,49,2
129.0,59,2
129.0,72,1
129.0,86,1
129.0,100,1
129.0,105,3
129.0,165,9
129.0,181,2
129.0,256,1
129.0,269,1
129.0,379,1
129.0,383,2
129.0,404,1
129.0,492,2
129.0,541,1
129.0,659,1
129.0,767,1
129.0,781,1
129.0,791,1
129.0,811,1
129.0,823,1
129.0,848,1
129.0,955,1
129.0,1123,1
129.0,1173,3
129.0,1261,2
129.0,1562,1
129.0,1619,1
129.0,1647,1
129.0,1674,1
129.0,1804,1
129.0,1950,1
129.0,2050,2
129.0,2120,1
129.0,2187,1
129.0,2278,1
129.0,2304,2
129.0,2323,1
129.0,2333,2
129.0,2436,3
129.0,2737,1
129.0,2952,1
130.0,0,36
130.0,1,15
130.0,3,88
130.0,4,37
130.0,6,26
130.0,9,20
130.0,13,81
130.0,14,27
130.0,17,9
130.0,23,5
130.0,32,4
130.0,36,7
130.0,39,8
130.0,49,3
130.0,59,8
130.0,61,2
130.0,105,7
130.0,138,2
130.0,165,2
130.0,181,2
130.0,183,1
130.0,191,4
130.0,219,1
130.0,316,1
130.0,404,3
130.0,463,1
130.0,530,1
130.0,532,1
130.0,663,4
130.0,716,1
130.0,720,2
130.0,741,1
130.0,787,1
130.0,832,1
130.0,918,1
130.0,1236,1
130.0,1240,4
130.0,1246,1
130.0,1334,1
130.0,1354,2
130.0,1452,1
130.0,1605,1
130.0,1642,1
130.0,1710,1
130.0,1819,2
130.0,1862,1
130.0,1865,2
130.0,1907,2
130.0,2113,2
130.0,2156,1
130.0,2247,2
130.0,2495,1
130.0,2692,1
130.0,2939,1
131.0,0,37
131.0,1,12
131.0,3,85
131.0,4,31
131.0,6,12
131.0,9,5
131.0,13,39
131.0,14,14
131.0,17,1
131.0,23,2
131.0,32,5
131.0,36,54
131.0,39,2
131.0,48,1
131.0,49,2
131.0,59,18
131.0,61,1
131.0,90,1
131.0,105,1
131.0,165,1
131.0,191,4
131.0,239,1
131.0,314,1
131.0,385,1
131.0,404,1
131.0,484,1
131.0,530,1
131.0,874,10
131.0,912,1
131.0,1068,1
131.0,1089,1
131.0,1217,1
131.0,1233,2
131.0,1260,3
131.0,1261,15
131.0,1263,6
131.0,1281,3
131.0,1301,1
131.0,1312,5
131.0,1366,6
131.0,1738,2
131.0,1921,2
131.0,2007,1
131.0,2244,2
131.0,2363,1
131.0,2588,2
131.0,2895,1
131.0,2924,2
132.0,0,28
132.0,1,3
132.0,3,50
132.0,4,8
132.0,5,1
132.0,6,21
132.0,9,5
132.0,13,13
132.0,14,5
132.0,17,2
132.0,23,2
132.0,32,2
132.0,33,1
132.0,36,7
132.0,39,1
132.0,45,1
132.0,46,1
132.0,59,4
132.0,86,4
132.0,118,1
132.0,123,1
132.0,181,12
132.0,192,1
132.0,234,1
132.0,266,5
132.0,274,2
132.0,287,1
132.0,300,4
132.0,439,1
132.0,513,1
132.0,549,1
132.0,565,3
132.0,655,1
132.0,656,1
132.0,663,3
132.0,679,1
132.0,742,1
132.0,842,1
132.0,1097,2
132.0,1162,1
132.0,1174,1
132.0,1182,6
132.0,1336,1
132.0,1536,1
132.0,1634,1
132.0,1726,2
132.0,1729,1
132.0,1813,1
132.0,1893,1
132.0,1918,1
132.0,2005,1
132.0,2041,1
132.0,2059,1
132.0,2099,2
132.0,2180,2
132.0,2330,1
132.0,2385,1
132.0,2417,1
132.0,2697,6
132.0,2801,1
133.0,0,32
133.0,1,1
133.0,3,71
133.0,4,10
133.0,6,6
133.0,9,3
133.0,13,14
133.0,14,4
133.0,15,2
133.0,17,9
133.0,19,2
133.0,23,1
133.0,30,1
133.0,35,1
133.0,48,3
133.0,49,1
133.0,59,4
133.0,92,1
133.0,105,1
133.0,125,1
133.0,165,2
133.0,167,2
133.0,175,1
133.0,181,5
133.0,192,3
133.0,193,1
133.0,207,1
133.0,242,1
133.0,250,1
133.0,260,1
133.0,287,1
133.0,297,1
133.0,300,1
133.0,310,1
133.0,314,2
133.0,344,3
133.0,439,1
133.0,499,1
133.0,552,1
133.0,560,1
133.0,612,1
133.0,760,1
133.0,952,1
133.0,965,2
133.0,987,1
133.0,992,1
133.0,1039,1
133.0,1150,1
133.0,1174,1
133.0,1182,3
133.0,1259,2
133.0,1306,1
133.0,1340,2
133.0,1393,2
133.0,1513,1
133.0,1687,1
133.0,1707,2
133.0,1713,2
133.0,1784,1
133.0,1872,1
133.0,1881,1
133.0,1888,1
133.0,1891,1
133.0,2236,1
133.0,2294,1
133.0,2447,1
133.0,2490,1
133.0,2491,2
133.0,2569,2
133.0,2575,1
133.0,2577,2
133.0,2671,2
133.0,2680,1
133.0,2706,2
133.0,2769,2
133.0,2820,1
133.0,2827,1
133.0,2845,1
133.0,2872,1
133.0,2884,3
133.0,2905,1
133.0,2935,1
134.0,0,16
134.0,1,1
134.0,3,85
134.0,4,4
134.0,5,1
134.0,6,9
134.0,9,3
134.0,13,6
134.0,14,15
134.0,17,1
134.0,23,1
134.0,32,1
134.0,36,8
134.0,39,1
134.0,42,1
134.0,48,4
134.0,49,1
134.0,59,2
134.0,65,1
134.0,86,2
134.0,105,1
134.0,165,1
134.0,266,1
134.0,378,1
134.0,404,1
134.0,427,1
134.0,490,1
134.0,874,1
134.0,965,7
134.0,1054,1
134.0,1184,3
134.0,1261,13
134.0,1281,3
134.0,1286,2
134.0,1329,2
134.0,1330,1
134.0,1475,1
134.0,1741,1
134.0,2197,1
134.0,2419,1
134.0,2578,2
135.0,0,25
135.0,1,10
135.0,3,34
135.0,4,3
135.0,6,11
135.0,7,1
135.0,9,6
135.0,13,14
135.0,14,2
135.0,23,2
135.0,32,5
135.0,36,16
135.0,46,4
135.0,49,1
135.0,51,1
135.0,59,3
135.0,61,1
135.0,64,8
135.0,86,1
135.0,104,2
135.0,121,3
135.0,138,8
135.0,266,6
135.0,404,3
135.0,663,6
135.0,799,1
135.0,874,8
135.0,879,1
135.0,1009,1
135.0,1040,1
135.0,1077,1
135.0,1115,4
135.0,1151,1
135.0,1182,4
135.0,1217,1
135.0,1240,4
135.0,1261,37
135.0,1281,5
135.0,1298,1
135.0,1330,1
135.0,1331,1
135.0,1565,1
135.0,1601,1
135.0,1604,1
135.0,1705,2
135.0,2327,1
135.0,2404,1
135.0,2425,1
135.0,2616,2
135.0,2803,3
135.0,2953,4
136.0,0,53
136.0,1,7
136.0,3,36
136.0,6,3
136.0,9,2
136.0,13,6
136.0,15,11
136.0,17,3
136.0,23,1
136.0,32,1
136.0,36,11
136.0,42,2
136.0,48,1
136.0,49,7
136.0,59,3
136.0,64,3
136.0,86,2
136.0,87,1
136.0,101,2
136.0,105,1
136.0,142,1
136.0,157,1
136.0,162,2
136.0,210,1
136.0,231,3
136.0,277,1
136.0,327,1
136.0,517,1
136.0,572,1
136.0,592,2
136.0,709,1
136.0,783,1
136.0,854,1
136.0,874,1
136.0,905,1
136.0,965,3
136.0,1058,1
136.0,1074,4
136.0,1129,3
136.0,1145,1
136.0,1147,1
136.0,1182,7
136.0,1199,1
136.0,1230,1
136.0,1260,3
136.0,1261,86
136.0,1263,1
136.0,1265,1
136.0,1281,3
136.0,1295,1
136.0,1306,1
136.0,1322,1
136.0,1329,1
136.0,1330,3
136.0,1387,1
136.0,1502,1
136.0,1629,1
136.0,1672,1
136.0,1867,2
136.0,1922,2
136.0,1980,1
136.0,2217,1
136.0,2231,1
136.0,2312,1
136.0,2532,2
136.0,2563,1
136.0,2915,1
137.0,0,106
137.0,1,3
137.0,3,7
137.0,4,5
137.0,6,3
137.0,7,1
137.0,9,3
137.0,13,4
137.0,14,2
137.0,15,5
137.0,17,10
137.0,23,3
137.0,36,3
137.0,46,8
137.0,49,3
137.0,59,3
137.0,61,1
137.0,64,12
137.0,67,2
137.0,86,1
137.0,105,1
137.0,192,2
137.0,210,13
137.0,277,4
137.0,318,3
137.0,332,1
137.0,346,1
137.0,418,1
137.0,445,3
137.0,524,1
137.0,553,3
137.0,576,1
137.0,582,1
137.0,627,1
137.0,663,3
137.0,761,2
137.0,777,1
137.0,874,1
137.0,891,1
137.0,959,1
137.0,977,1
137.0,996,1
137.0,1049,1
137.0,1130,1
137.0,1145,1
137.0,1179,3
137.0,1182,59
137.0,1183,9
137.0,1192,1
137.0,1217,1
137.0,1260,2
137.0,1261,218
137.0,1262,18
137.0,1263,11
137.0,1281,1
137.0,1293,1
137.0,1299,1
137.0,1322,1
137.0,1330,1
137.0,1405,1
137.0,1458,1
137.0,1675,1
137.0,1748,1
137.0,1749,1
137.0,1846,1
137.0,1858,1
137.0,1938,2
137.0,1954,2
137.0,1980,1
137.0,2104,6
137.0,2155,2
137.0,2273,2
137.0,2355,1
137.0,2384,1
137.0,2466,1
137.0,2609,1
137.0,2790,1
137.0,2851,1
137.0,2858,1
138.0,0,41
138.0,1,3
138.0,3,64
138.0,4,4
138.0,6,6
138.0,9,4
138.0,13,19
138.0,14,1
138.0,15,4
138.0,32,1
138.0,36,7
138.0,46,4
138.0,49,2
138.0,59,6
138.0,61,2
138.0,64,2
138.0,86,9
138.0,101,3
138.0,105,2
138.0,167,2
138.0,216,1
138.0,298,1
138.0,691,1
138.0,790,1
138.0,1054,1
138.0,1159,1
138.0,1163,1
138.0,1202,1
138.0,1216,1
138.0,1217,6
138.0,1260,2
138.0,1261,52
138.0,1263,2
138.0,1281,6
138.0,1329,2
138.0,1330,1
138.0,1367,1
138.0,1527,1
138.0,2097,1
138.0,2262,1
138.0,2336,2
138.0,2613,1
139.0,0,9
139.0,3,35
139.0,6,9
139.0,9,3
139.0,12,1
139.0,13,11
139.0,14,3
139.0,17,2
139.0,23,2
139.0,36,4
139.0,39,1
139.0,42,7
139.0,50,1
139.0,61,2
139.0,105,12
139.0,121,2
139.0,144,1
139.0,344,1
139.0,404,34
139.0,624,1
139.0,663,3
139.0,984,1
139.0,1043,1
139.0,1063,1
139.0,1171,2
139.0,1261,12
139.0,1348,1
139.0,1637,1
139.0,2065,2
139.0,2328,1
139.0,2539,2
139.0,2662,1
139.0,2701,1
140.0,0,18
140.0,1,10
140.0,3,72
140.0,4,38
140.0,6,10
140.0,9,12
140.0,13,41
140.0,14,27
140.0,17,1
140.0,23,4
140.0,32,8
140.0,36,3
140.0,45,1
140.0,49,1
140.0,59,6
140.0,86,1
140.0,105,3
140.0,215,1
140.0,329,1
140.0,431,1
140.0,492,2
140.0,716,2
140.0,791,1
140.0,958,1
140.0,973,1
140.0,980,1
140.0,1024,1
140.0,1190,2
140.0,1261,3
140.0,1283,5
140.0,1738,2
140.0,1809,2
140.0,1870,1
140.0,1943,1
140.0,2038,1
140.0,2123,2
140.0,2239,1
140.0,2539,4
140.0,2586,1
140.0,2939,1
141.0,0,26
141.0,1,6
141.0,3,64
141.0,4,4
141.0,6,18
141.0,9,4
141.0,13,8
141.0,14,9
141.0,17,5
141.0,30,2
141.0,32,2
141.0,34,1
141.0,36,5
141.0,42,2
141.0,47,1
141.0,49,3
141.0,59,3
141.0,61,2
141.0,62,1
141.0,81,1
141.0,86,1
141.0,104,1
141.0,105,4
141.0,125,1
141.0,165,2
141.0,192,1
141.0,193,1
141.0,264,2
141.0,266,2
141.0,300,8
141.0,314,2
141.0,318,5
141.0,333,1
141.0,344,2
141.0,373,2
141.0,380,1
141.0,383,1
141.0,396,2
141.0,404,2
141.0,416,1
141.0,484,1
141.0,492,1
141.0,738,1
141.0,783,2
141.0,965,5
141.0,977,1
141.0,998,1
141.0,1019,1
141.0,1140,2
141.0,1150,1
141.0,1175,1
141.0,1258,6
141.0,1261,3
141.0,1285,4
141.0,1391,1
141.0,1589,4
141.0,1627,1
141.0,1667,1
141.0,1723,1
141.0,1795,1
141.0,1799,1
141.0,1845,2
141.0,1886,1
141.0,1887,1
141.0,1912,1
141.0,1948,1
141.0,2017,1
141.0,2202,1
141.0,2324,1
141.0,2412,2
141.0,2492,2
141.0,2735,1
141.0,2756,1
141.0,2820,1
141.0,2841,1
141.0,2853,1
141.0,2880,2
141.0,2891,1
141.0,2900,1
141.0,2926,1
142.0,0,27
142.0,3,41
142.0,4,3
142.0,5,1
142.0,6,4
142.0,9,6
142.0,13,11
142.0,14,6
142.0,17,1
142.0,34,6
142.0,59,2
142.0,314,1
142.0,874,1
142.0,977,1
142.0,1054,5
142.0,1162,2
142.0,1182,2
142.0,1258,1
142.0,1261,8
142.0,1281,4
142.0,1306,1
142.0,1314,1
142.0,1322,1
142.0,1387,1
142.0,1637,1
142.0,1937,1
142.0,2054,1
142.0,2506,2
142.0,2892,2
143.0,0,10
143.0,1,3
143.0,3,18
143.0,4,12
143.0,6,3
143.0,9,1
143.0,13,8
143.0,15,1
143.0,17,2
143.0,32,6
143.0,34,2
143.0,36,7
143.0,59,16
143.0,67,1
143.0,86,1
143.0,105,1
143.0,120,1
143.0,341,1
143.0,710,1
143.0,775,1
143.0,790,2
143.0,891,1
143.0,1172,3
143.0,1232,2
143.0,1260,1
143.0,1261,2
143.0,2482,1
144.0,0,12
144.0,1,3
144.0,3,21
144.0,4,4
144.0,6,1
144.0,9,5
144.0,13,8
144.0,14,18
144.0,17,1
144.0,24,1
144.0,32,2
144.0,34,1
144.0,36,5
144.0,48,5
144.0,49,1
144.0,59,5
144.0,61,2
144.0,64,1
144.0,86,1
144.0,101,1
144.0,148,1
144.0,169,1
144.0,216,1
144.0,314,1
144.0,383,1
144.0,445,1
144.0,578,2
144.0,965,3
144.0,1093,1
144.0,1223,1
144.0,1347,6
144.0,1441,1
144.0,1503,1
144.0,2025,1
144.0,2220,1
144.0,2305,1
144.0,2758,1
144.0,2843,1
144.0,2880,2
144.0,2917,2
145.0,0,14
145.0,1,3
145.0,3,35
145.0,4,5
145.0,6,9
145.0,9,5
145.0,13,31
145.0,14,2
145.0,17,4
145.0,23,2
145.0,32,1
145.0,59,5
145.0,105,2
145.0,108,1
145.0,181,1
145.0,314,1
145.0,511,1
145.0,663,1
145.0,880,1
145.0,889,1
145.0,898,2
145.0,1261,4
145.0,1281,1
145.0,1294,1
145.0,1434,1
145.0,1977,2
145.0,2122,1
145.0,2461,1
145.0,2636,1
146.0,0,53
146.0,1,5
146.0,3,86
146.0,4,2
146.0,6,17
146.0,9,2
146.0,13,14
146.0,15,6
146.0,17,4
146.0,32,17
146.0,36,18
146.0,39,12
146.0,42,4
146.0,46,2
146.0,49,9
146.0,59,5
146.0,61,1
146.0,86,3
146.0,105,4
146.0,139,1
146.0,148,2
146.0,210,4
146.0,239,3
146.0,287,1
146.0,316,2
146.0,379,1
146.0,411,2
146.0,559,1
146.0,638,1
146.0,724,1
146.0,833,1
146.0,905,7
146.0,906,1
146.0,939,1
146.0,992,5
146.0,1054,6
146.0,1058,1
146.0,1062,3
146.0,1116,2
146.0,1142,2
146.0,1158,1
146.0,1182,22
146.0,1187,2
146.0,1197,1
146.0,1205,3
146.0,1209,2
146.0,1214,1
146.0,1229,1
146.0,1260,8
146.0,1261,225
146.0,1263,5
146.0,1271,1
146.0,1277,2
146.0,1278,1
146.0,1281,6
146.0,1286,5
146.0,1287,4
146.0,1288,2
146.0,1330,7
146.0,1486,1
146.0,1567,1
146.0,1585,1
146.0,1590,1
146.0,1646,1
146.0,1677,1
146.0,1733,1
146.0,1744,1
146.0,1839,1
146.0,1851,2
146.0,1863,1
146.0,1909,1
146.0,1994,1
146.0,2026,1
146.0,2107,1
146.0,2138,1
146.0,2227,1
146.0,2446,1
146.0,2470,1
146.0,2488,1
146.0,2493,1
146.0,2507,1
146.0,2514,1
146.0,2534,1
146.0,2535,1
146.0,2670,1
146.0,2712,3
146.0,2733,2
146.0,2772,1
146.0,2890,1
146.0,2918,2
146.0,2934,2
147.0,0,30
147.0,1,2
147.0,3,36
147.0,4,10
147.0,6,5
147.0,7,4
147.0,9,8
147.0,13,32
147.0,14,1
147.0,17,1
147.0,23,2
147.0,36,1
147.0,42,1
147.0,49,1
147.0,59,1
147.0,64,1
147.0,101,1
147.0,105,10
147.0,149,1
147.0,183,1
147.0,237,1
147.0,266,1
147.0,663,19
147.0,694,1
147.0,827,2
147.0,874,1
147.0,879,1
147.0,891,1
147.0,994,1
147.0,1024,3
147.0,1053,2
147.0,1086,1
147.0,1115,4
147.0,1240,3
147.0,1261,4
147.0,1342,4
147.0,1354,1
147.0,1427,1
147.0,2479,3
147.0,2520,1
147.0,2701,10
147.0,2829,1
147.0,2844,1
147.0,2860,1
147.0,2949,1
148.0,0,15
148.0,1,4
148.0,3,19
148.0,4,4
148.0,7,1
148.0,13,6
148.0,14,10
148.0,17,1
148.0,36,9
148.0,39,1
148.0,59,2
148.0,113,1
148.0,181,2
148.0,277,2
148.0,378,4
148.0,453,1
148.0,548,1
148.0,640,1
148.0,1022,1
148.0,1024,1
148.0,1098,2
148.0,1179,3
148.0,1261,5
148.0,1641,1
148.0,1663,1
148.0,1874,1
148.0,1907,1
148.0,2079,2
148.0,2172,1
148.0,2319,1
148.0,2520,2
148.0,2526,3
149.0,0,7
149.0,1,3
149.0,3,59
149.0,4,28
149.0,6,23
149.0,9,7
149.0,12,1
149.0,13,19
149.0,14,28
149.0,23,2
149.0,32,1
149.0,36,1
149.0,39,2
149.0,49,2
149.0,55,1
149.0,59,10
149.0,61,1
149.0,64,1
149.0,121,1
149.0,138,5
149.0,181,3
149.0,320,1
149.0,379,3
149.0,524,1
149.0,571,1
149.0,686,1
149.0,719,1
149.0,1073,1
149.0,1075,2
149.0,1239,1
149.0,1336,1
149.0,1368,5
149.0,1374,19
149.0,1389,1
149.0,1528,1
149.0,1592,1
149.0,1679,1
149.0,2059,1
149.0,2118,1
149.0,2352,1
149.0,2382,1
149.0,2586,1
149.0,2905,1
150.0,0,49
150.0,1,9
150.0,3,28
150.0,4,3
150.0,6,3
150.0,9,5
150.0,13,11
150.0,15,4
150.0,17,1
150.0,36,2
150.0,46,4
150.0,48,1
150.0,59,10
150.0,61,2
150.0,181,1
150.0,200,2
150.0,210,1
150.0,231,1
150.0,287,1
150.0,316,2
150.0,346,1
150.0,663,3
150.0,718,1
150.0,871,1
150.0,874,1
150.0,888,1
150.0,891,1
150.0,965,1
150.0,1114,2
150.0,1138,1
150.0,1150,3
150.0,1182,6
150.0,1240,1
150.0,1260,8
150.0,1261,153
150.0,1281,6
150.0,1286,2
150.0,1298,2
150.0,1299,2
150.0,1303,2
150.0,1329,6
150.0,1330,12
150.0,1367,1
150.0,1387,5
150.0,1826,6
150.0,2064,1
150.0,2387,1
150.0,2496,4
150.0,2707,3
150.0,2760,1
151.0,0,13
151.0,1,7
151.0,3,100
151.0,4,37
151.0,6,49
151.0,7,2
151.0,9,19
151.0,12,1
151.0,13,48
151.0,14,19
151.0,17,1
151.0,23,2
151.0,24,1
151.0,32,5
151.0,34,3
151.0,36,7
151.0,45,3
151.0,49,1
151.0,59,8
151.0,61,2
151.0,86,1
151.0,105,3
151.0,138,3
151.0,160,2
151.0,165,2
151.0,191,6
151.0,297,1
151.0,369,1
151.0,438,2
151.0,492,4
151.0,617,1
151.0,720,1
151.0,874,1
151.0,912,1
151.0,940,3
151.0,1052,1
151.0,1060,1
151.0,1173,2
151.0,1180,1
151.0,1228,1
151.0,1292,1
151.0,1404,1
151.0,1557,1
151.0,1747,1
151.0,1752,2
151.0,1771,1
151.0,1791,2
151.0,1936,2
151.0,1962,2
151.0,2007,2
151.0,2087,1
151.0,2126,1
151.0,2181,1
151.0,2200,1
151.0,2208,2
151.0,2440,1
151.0,2495,1
151.0,2533,2
151.0,2537,1
151.0,2551,2
151.0,2882,3
152.0,0,12
152.0,1,3
152.0,3,41
152.0,4,22
152.0,6,9
152.0,9,8
152.0,13,26
152.0,14,8
152.0,32,3
152.0,39,1
152.0,49,1
152.0,59,17
152.0,61,3
152.0,105,4
152.0,151,12
152.0,165,1
152.0,181,1
152.0,215,1
152.0,320,1
152.0,539,2
152.0,590,1
152.0,668,1
152.0,683,1
152.0,774,1
152.0,790,4
152.0,899,1
152.0,1075,4
152.0,1086,3
152.0,1188,3
152.0,1223,1
152.0,1240,3
152.0,1245,1
152.0,1354,1
152.0,1514,1
152.0,1525,1
152.0,1652,1
152.0,1962,2
152.0,2057,2
152.0,2415,3
152.0,2485,1
152.0,2682,1
152.0,2723,1
153.0,0,30
153.0,1,2
153.0,3,6
153.0,4,1
153.0,15,2
153.0,17,8
153.0,32,1
153.0,34,1
153.0,36,6
153.0,46,1
153.0,49,8
153.0,54,1
153.0,64,2
153.0,86,1
153.0,166,1
153.0,210,1
153.0,277,1
153.0,287,4
153.0,346,1
153.0,425,1
153.0,663,1
153.0,874,1
153.0,891,1
153.0,1144,2
153.0,1150,2
153.0,1182,11
153.0,1202,4
153.0,1260,2
153.0,1261,177
153.0,1263,2
153.0,1281,7
153.0,1298,2
153.0,1329,1
153.0,1331,2
153.0,1669,1
153.0,1976,1
153.0,2051,1
153.0,2098,1
153.0,2812,2
154.0,0,13
154.0,1,10
154.0,3,39
154.0,4,1
154.0,6,4
154.0,9,6
154.0,13,31
154.0,14,4
154.0,17,2
154.0,22,1
154.0,23,2
154.0,32,2
154.0,42,1
154.0,49,2
154.0,59,10
154.0,64,1
154.0,79,1
154.0,83,1
154.0,105,1
154.0,139,3
154.0,200,1
154.0,231,1
154.0,379,1
154.0,872,1
154.0,1003,1
154.0,1182,2
154.0,1261,5
154.0,1282,4
154.0,1600,1
154.0,1826,1
154.0,1961,1
154.0,2005,1
154.0,2033,1
154.0,2129,1
154.0,2264,1
154.0,2342,1
154.0,2403,2
154.0,2483,1
154.0,2596,4
155.0,0,9
155.0,1,3
155.0,3,82
155.0,6,7
155.0,13,8
155.0,14,1
155.0,15,1
155.0,23,1
155.0,32,3
155.0,36,12
155.0,61,6
155.0,86,5
155.0,151,1
155.0,165,1
155.0,191,1
155.0,289,1
155.0,404,1
155.0,704,1
155.0,1182,2
155.0,1261,11
155.0,1281,2
155.0,1327,10
155.0,1340,1
155.0,1459,1
155.0,1513,2
155.0,1560,1
155.0,1622,1
155.0,2256,1
155.0,2278,1
155.0,2513,1
155.0,2600,1
156.0,0,7
156.0,1,2
156.0,3,41
156.0,4,5
156.0,6,11
156.0,9,1
156.0,13,19
156.0,14,7
156.0,23,1
156.0,34,1
156.0,49,6
156.0,59,5
156.0,61,1
156.0,64,1
156.0,266,2
156.0,277,1
156.0,511,1
156.0,788,1
156.0,992,2
156.0,1261,3
156.0,1281,1
156.0,1387,1
156.0,1773,1
156.0,2592,2
156.0,2646,3
157.0,0,31
157.0,1,3
157.0,3,85
157.0,4,24
157.0,6,36
157.0,9,7
157.0,13,23
157.0,14,9
157.0,17,1
157.0,23,2
157.0,32,3
157.0,36,18
157.0,49,3
157.0,59,7
157.0,61,1
157.0,64,1
157.0,67,2
157.0,105,3
157.0,121,4
157.0,169,1
157.0,183,1
157.0,202,1
157.0,272,1
157.0,291,1
157.0,381,1
157.0,546,1
157.0,713,1
157.0,716,1
157.0,1058,2
157.0,1109,1
157.0,1113,1
157.0,1214,3
157.0,1218,3
157.0,1233,2
157.0,1250,1
157.0,1261,6
157.0,1786,2
157.0,1855,2
157.0,2007,1
157.0,2038,1
157.0,2202,1
157.0,2610,1
158.0,0,41
158.0,1,2
158.0,3,37
158.0,4,1
158.0,6,4
158.0,9,5
158.0,13,10
158.0,14,3
158.0,17,4
158.0,32,3
158.0,36,13
158.0,48,1
158.0,49,7
158.0,59,5
158.0,64,1
158.0,86,1
158.0,90,1
158.0,120,1
158.0,125,4
158.0,206,1
158.0,239,1
158.0,314,1
158.0,341,1
158.0,379,1
158.0,417,3
158.0,476,1
158.0,663,1
158.0,874,4
158.0,891,5
158.0,1068,1
158.0,1110,1
158.0,1180,1
158.0,1182,6
158.0,1217,1
158.0,1260,24
158.0,1261,35
158.0,1281,5
158.0,1298,1
158.0,1308,4
158.0,1329,1
158.0,1330,2
158.0,1352,2
158.0,1371,2
158.0,1385,1
158.0,1657,1
158.0,2127,1
158.0,2354,1
158.0,2425,1
158.0,2594,1
158.0,2604,4
158.0,2648,1
159.0,0,100
159.0,1,6
159.0,3,80
159.0,4,11
159.0,6,12
159.0,7,3
159.0,9,6
159.0,13,33
159.0,14,5
159.0,15,12
159.0,17,11
159.0,23,3
159.0,29,1
159.0,32,1
159.0,36,5
159.0,42,1
159.0,46,1
159.0,47,1
159.0,49,6
159.0,58,2
159.0,59,15
159.0,61,2
159.0,64,9
159.0,67,1
159.0,74,1
159.0,81,1
159.0,104,1
159.0,105,3
159.0,125,2
159.0,133,1
159.0,150,3
159.0,165,1
159.0,167,1
159.0,173,1
159.0,192,1
159.0,195,1
159.0,196,1
159.0,216,2
159.0,224,1
159.0,266,1
159.0,277,1
159.0,299,1
159.0,317,1
159.0,318,3
159.0,319,1
159.0,320,1
159.0,362,1
159.0,368,8
159.0,378,1
159.0,420,1
159.0,428,1
159.0,451,1
159.0,473,1
159.0,493,1
159.0,507,1
159.0,561,1
159.0,592,1
159.0,600,1
159.0,663,10
159.0,665,1
159.0,711,1
159.0,712,1
159.0,752,1
159.0,753,1
159.0,758,1
159.0,763,1
159.0,771,1
159.0,783,1
159.0,860,1
159.0,905,1
159.0,931,1
159.0,945,1
159.0,1033,2
159.0,1133,1
159.0,1183,1
159.0,1203,1
159.0,1261,41
159.0,1263,1
159.0,1273,7
159.0,1281,1
159.0,1300,4
159.0,1307,4
159.0,1322,1
159.0,1471,1
159.0,1538,1
159.0,1541,1
159.0,1545,1
159.0,1553,1
159.0,1611,1
159.0,1639,1
159.0,1644,1
159.0,1645,2
159.0,1656,1
159.0,1663,1
159.0,1680,1
159.0,1721,1
159.0,1753,2
159.0,1755,1
159.0,1780,1
159.0,1789,1
159.0,1795,2
159.0,1825,2
159.0,1838,2
159.0,1878,1
159.0,1938,2
159.0,2005,1
159.0,2044,2
159.0,2095,1
159.0,2101,1
159.0,2104,2
159.0,2124,2
159.0,2189,2
159.0,2250,1
159.0,2266,1
159.0,2392,1
159.0,2448,1
159.0,2462,1
159.0,2531,1
159.0,2538,4
159.0,2593,1
159.0,2621,2
159.0,2625,4
159.0,2632,1
159.0,2722,1
159.0,2738,1
159.0,2751,2
159.0,2766,2
159.0,2770,2
159.0,2787,1
159.0,2930,2
160.0,0,100
160.0,3,7
160.0,4,3
160.0,7,1
160.0,9,2
160.0,13,5
160.0,15,7
160.0,17,11
160.0,36,3
160.0,40,1
160.0,46,2
160.0,59,1
160.0,64,22
160.0,86,1
160.0,121,9
160.0,125,3
160.0,132,1
160.0,146,1
160.0,210,15
160.0,216,1
160.0,277,1
160.0,287,2
160.0,445,1
160.0,485,1
160.0,553,2
160.0,874,4
160.0,924,1
160.0,1136,1
160.0,1176,1
160.0,1182,40
160.0,1183,8
160.0,1260,5
160.0,1261,259
160.0,1262,6
160.0,1269,2
160.0,1281,13
160.0,1286,1
160.0,1329,1
160.0,1330,4
160.0,1387,4
160.0,1395,4
160.0,1396,1
160.0,1705,1
160.0,1779,1
160.0,2055,1
160.0,2104,1
160.0,2134,1
160.0,2203,1
160.0,2252,1
160.0,2318,1
160.0,2548,1
160.0,2659,1
160.0,2702,6
160.0,2816,1
161.0,0,18
161.0,1,6
161.0,3,122
161.0,4,15
161.0,5,2
161.0,6,23
161.0,9,14
161.0,12,1
161.0,13,71
161.0,14,12
161.0,23,1
161.0,32,6
161.0,34,1
161.0,36,12
161.0,39,1
161.0,49,2
161.0,59,3
161.0,61,1
161.0,64,1
161.0,86,2
161.0,105,16
161.0,165,1
161.0,169,1
161.0,191,4
161.0,260,1
161.0,266,2
161.0,272,1
161.0,314,2
161.0,404,1
161.0,530,1
161.0,539,1
161.0,1056,4
161.0,1150,1
161.0,1163,1
161.0,1225,3
161.0,1261,10
161.0,1283,2
161.0,1294,1
161.0,1507,1
161.0,2212,1
161.0,2467,1
161.0,2522,1
161.0,2541,1
161.0,2753,2
161.0,2757,1
161.0,2826,1
162.0,0,18
162.0,1,1
162.0,3,87
162.0,4,2
162.0,6,19
162.0,13,15
162.0,14,3
162.0,17,3
162.0,23,4
162.0,32,8
162.0,36,71
162.0,42,3
162.0,48,1
162.0,49,2
162.0,59,12
162.0,61,2
162.0,64,1
162.0,86,2
162.0,125,1
162.0,138,1
162.0,165,1
162.0,169,1
162.0,191,2
162.0,233,1
162.0,285,1
162.0,287,1
162.0,297,1
162.0,316,4
162.0,710,1
162.0,874,14
162.0,1068,3
162.0,1109,1
162.0,1126,2
162.0,1150,1
162.0,1175,1
162.0,1182,3
162.0,1244,1
162.0,1260,3
162.0,1261,29
162.0,1262,6
162.0,1281,1
162.0,1312,1
162.0,1331,1
162.0,1490,1
162.0,1589,1
162.0,1738,2
162.0,1854,1
162.0,2006,1
162.0,2143,2
162.0,2218,1
162.0,2552,2
162.0,2620,1
162.0,2875,1
