rank,molecule_id,smiles,source_file,molecular_weight,logP,hydrogen_bond_acceptors,hydrogen_bond_donors,Lipinski,QED,stereo_centers,tpsa,AMES,BBB_Martins,Bioavailability_Ma,CYP1A2_Veith,CYP2C19_Veith,CYP2C9_Substrate_CarbonMangels,CYP2C9_Veith,CYP2D6_Substrate_CarbonMangels,CYP2D6_Veith,CYP3A4_Substrate_CarbonMangels,CYP3A4_Veith,Carcinogens_Lagunin,ClinTox,DILI,HIA_Hou,NR-AR-LBD,NR-AR,NR-AhR,NR-Aromatase,NR-ER-LBD,NR-ER,NR-PPAR-gamma,PAMPA_NCATS,Pgp_Broccatelli,SR-ARE,SR-ATAD5,SR-HSE,SR-MMP,SR-p53,Skin_Reaction,hERG,Caco2_Wang,Clearance_Hepatocyte_AZ,Clearance_Microsome_AZ,Half_Life_Obach,HydrationFreeEnergy_FreeSolv,LD50_Zhu,Lipophilicity_AstraZeneca,PPBR_AZ,Solubility_AqSolDB,VDss_Lombardo,molecular_weight_drugbank_approved_percentile,logP_drugbank_approved_percentile,hydrogen_bond_acceptors_drugbank_approved_percentile,hydrogen_bond_donors_drugbank_approved_percentile,Lipinski_drugbank_approved_percentile,QED_drugbank_approved_percentile,stereo_centers_drugbank_approved_percentile,tpsa_drugbank_approved_percentile,AMES_drugbank_approved_percentile,BBB_Martins_drugbank_approved_percentile,Bioavailability_Ma_drugbank_approved_percentile,CYP1A2_Veith_drugbank_approved_percentile,CYP2C19_Veith_drugbank_approved_percentile,CYP2C9_Substrate_CarbonMangels_drugbank_approved_percentile,CYP2C9_Veith_drugbank_approved_percentile,CYP2D6_Substrate_CarbonMangels_drugbank_approved_percentile,CYP2D6_Veith_drugbank_approved_percentile,CYP3A4_Substrate_CarbonMangels_drugbank_approved_percentile,CYP3A4_Veith_drugbank_approved_percentile,Carcinogens_Lagunin_drugbank_approved_percentile,ClinTox_drugbank_approved_percentile,DILI_drugbank_approved_percentile,HIA_Hou_drugbank_approved_percentile,NR-AR-LBD_drugbank_approved_percentile,NR-AR_drugbank_approved_percentile,NR-AhR_drugbank_approved_percentile,NR-Aromatase_drugbank_approved_percentile,NR-ER-LBD_drugbank_approved_percentile,NR-ER_drugbank_approved_percentile,NR-PPAR-gamma_drugbank_approved_percentile,PAMPA_NCATS_drugbank_approved_percentile,Pgp_Broccatelli_drugbank_approved_percentile,SR-ARE_drugbank_approved_percentile,SR-ATAD5_drugbank_approved_percentile,SR-HSE_drugbank_approved_percentile,SR-MMP_drugbank_approved_percentile,SR-p53_drugbank_approved_percentile,Skin_Reaction_drugbank_approved_percentile,hERG_drugbank_approved_percentile,Caco2_Wang_drugbank_approved_percentile,Clearance_Hepatocyte_AZ_drugbank_approved_percentile,Clearance_Microsome_AZ_drugbank_approved_percentile,Half_Life_Obach_drugbank_approved_percentile,HydrationFreeEnergy_FreeSolv_drugbank_approved_percentile,LD50_Zhu_drugbank_approved_percentile,Lipophilicity_AstraZeneca_drugbank_approved_percentile,PPBR_AZ_drugbank_approved_percentile,Solubility_AqSolDB_drugbank_approved_percentile,VDss_Lombardo_drugbank_approved_percentile,composite_score
1,generated_from_refactor.sdf_43,CC1=CC2=C(CC1=O)c1c(C)ccc3c1=C(S2)C1CCCC(F)(F)C=31,generated_from_refactor.sdf,356.4370000000001,4.079920000000003,2,0,4.0,0.6967459655465827,1,17.07,0.36204356551170347,0.9962397336959838,0.9221511840820312,0.94886155128479,0.9398701548576355,0.31535443365573884,0.84537193775177,0.10938309840857982,0.11240815296769142,0.7739682197570801,0.8007001042366028,0.17947803065180779,0.009818798676133157,0.8187272310256958,0.9999996900558472,0.15928040854632855,0.1873710561543703,0.42450911104679107,0.13877657279372216,0.021801291964948177,0.3135786890983582,0.0671023428440094,0.9897057890892029,0.5984758734703064,0.7895734071731567,0.08102073147892952,0.18508848249912263,0.9165575265884399,0.23803526163101196,0.5591757416725158,0.4688285648822784,-4.37050191569242,51.427794100395054,26.04631680324448,34.67563813353888,-5.630744411198623,3.5313879349826047,4.032466785274167,90.35053577422389,-4.988033483028169,-0.6829876843894415,54.94377665761923,78.32493214424196,16.38231872818922,11.768127181077936,63.80379992245056,74.6025591314463,54.80806514152772,8.47227607599845,72.85769678169834,96.47150058162077,80.84528887165568,97.01434664598682,97.71229158588599,79.87592089957347,97.4020938348197,51.337727801473434,64.21093447072508,84.17991469561845,90.77161690577744,54.94377665761923,11.283443195036835,73.09034509499806,100.0,92.59402869329197,91.62466072120976,91.04303993796044,79.17797595967428,55.75804575416828,89.33695230709577,87.43699108181465,97.20822024040325,79.83714618069018,95.7735556417216,85.9635517642497,91.46956184567662,98.25513765025204,87.82473827064753,63.047692904226444,61.806901899961225,88.32880961613029,63.5129895308259,58.16207832493214,79.21675067855757,85.14928266770066,92.90422644435827,95.61845676618844,74.21481194261341,14.424195424583171,30.70957735556417,0.6359203927816527
2,generated_from_refactor.sdf_5,O=C1C2OC3C=c4cc(O)ccc4=C3C3=C2C2C(CC3)C2C(F)C1F,generated_from_refactor.sdf,342.341,1.3159,3,1,4.0,0.7735045845592958,7,46.53,0.5478231906890869,0.9653571844100952,0.9169076681137085,0.45326719880104066,0.7330318748950958,0.19231938421726227,0.3958235189318657,0.11979791596531868,0.266711163520813,0.7731419920921325,0.6343284010887146,0.07504481226205825,0.04601266346871853,0.4300688326358795,0.9999918699264526,0.3128002882003784,0.4657666563987732,0.34321920573711395,0.29738047868013384,0.24305342733860016,0.6673366069793701,0.045295013673603536,0.9154826760292053,0.26174034997820855,0.8251356720924378,0.39660122990608215,0.08347396850585938,0.6707609176635743,0.2836973637342453,0.3101490348577499,0.33017479777336123,-5.011298559642631,81.75084091483859,41.27946595511544,-21.78643692928218,-8.12043847279663,3.9116010594244237,2.6330569260363657,90.22740092994215,-4.266630002137292,9.18000331926117,52.19077161690578,36.29313687475766,31.17487398216363,36.68088406359054,63.80379992245056,85.22683210546724,89.78286157425359,28.266770065917022,85.57580457541683,80.4187669639395,79.02287708414114,81.85343156262117,92.40015509887553,60.37223730127956,86.73904614191547,53.54788677782086,77.12291585886003,84.06359053896858,84.56766188445134,29.468786351298952,34.27685149282668,49.59286545172547,97.20822024040325,94.02869329197362,94.61031407522296,88.67778208607987,90.61651803024428,94.53276463745638,96.70414889492051,82.31872818922062,70.3761147731679,64.44358278402481,96.4327258627375,97.86739046141915,82.78402481582009,91.93485847227608,89.68592477704536,36.525785188057384,53.27646374563784,48.23575029081039,83.32687088018612,71.88832880961613,7.173322993408298,65.29662659945716,97.05312136487011,72.70259790616518,73.9433889104304,26.59945715393563,89.80224893369522,0.6327009051767266
3,generated_from_refactor.sdf_48,COC1=C(OC)C2=C=C(CC(OC)C(C)F)C(=O)C(=O)Oc3ccc4c(c3C2=CC1)OC1(CC1)O4,generated_from_refactor.sdf,484.47600000000034,3.942300000000003,8,0,4.0,0.25967778667775165,2,89.52000000000001,0.6845248222351075,0.8843182325363159,0.8646582245826722,0.39905164539814,0.7203419923782348,0.06449748016893864,0.7547010183334351,0.04533700793981552,0.05042337775230408,0.6761626601219177,0.7503519773483276,0.15912339612841606,0.03390905037522316,0.9709351301193238,0.9998764872550965,0.04378307186998427,0.03165928367525339,0.4053862601518631,0.13490537703037261,0.016658900352194906,0.04073735773563385,0.062497154250741004,0.95053790807724,0.9272416114807129,0.740001118183136,0.1497298412024975,0.16552691608667375,0.8162209153175354,0.35495868921279905,0.4675010144710541,0.49316861629486086,-4.053162534937132,57.57654339929898,80.46965800801009,42.23612163050044,-5.875708139098749,4.05429981327088,3.44106277878317,90.93221673387329,-5.635433816943321,15.120481146020609,80.03101977510663,76.73516867002714,82.35750290810391,11.768127181077936,63.80379992245056,17.060876308646762,68.86390073671966,60.37223730127956,91.74098487785963,65.37417603722373,63.55176424970919,79.91469561845676,92.01240791004265,23.303606048856146,95.7735556417216,31.678945327646375,50.562233423807676,69.98836758433501,89.2594028693292,50.83365645599069,28.615742535866616,94.84296238852268,84.10236525785187,82.82279953470336,60.64366033346258,90.5389685924777,78.71267933307483,48.39084916634354,19.58123303606049,86.70027142303218,80.06979449398992,95.73478092283831,94.26134160527336,91.66343544009305,90.34509499806126,95.88987979837145,92.32260566110895,54.749903063202794,63.164017060876304,98.0224893369523,68.90267545560295,91.00426521907715,83.67584335013571,83.67584335013571,97.78984102365257,88.63900736719658,75.10663047692904,7.638619620007755,96.16130283055448,0.629431366654957
4,generated_from_refactor.sdf_28,COc1cc2cc(c1)Oc1cccc(c1)COCC1CCCC1N2,generated_from_refactor.sdf,325.4080000000001,4.598300000000004,4,1,4.0,0.8317007639315295,2,39.72,0.495767080783844,0.9820684552192688,0.9551874995231628,0.8934001445770263,0.9313133955001831,0.3965881586074829,0.3163314938545227,0.7184493780136109,0.621025562286377,0.679508376121521,0.846260404586792,0.05584051758050919,0.041913984902203084,0.45525520443916323,0.9999958038330078,0.0020609651095583104,0.027267762273550034,0.8046885967254639,0.11350030452013016,0.028775493428111077,0.3223308861255646,0.004804297524970025,0.9739896655082703,0.3849076509475708,0.30940464437007903,0.11158631667494774,0.09362944215536118,0.5445791125297547,0.05475668665021658,0.29895768165588377,0.8058523654937744,-4.543780004250562,94.43138878486991,61.508279091978316,13.625392944614713,-6.120073238100166,2.628666879817234,3.962026800086432,98.41806942909753,-5.335244972528988,8.306691193025017,48.08065141527724,85.07173322993408,46.47150058162078,36.68088406359054,63.80379992245056,92.90422644435827,68.86390073671966,22.353625436215587,82.27995347033733,87.08801861186507,91.1981388134936,94.84296238852268,97.51841799146956,87.16556804963164,83.21054672353625,94.26134160527336,88.75533152384645,70.45366421093446,92.59402869329197,22.528111671190384,32.60953858084529,51.337727801473434,98.33268708801862,17.177200465296625,54.94377665761923,98.10003877471888,75.18417991469562,63.8231872818922,89.8797983714618,49.90306320279178,89.76347421481194,70.45366421093446,72.08220240403257,89.41450174486235,84.06359053896858,87.08801861186507,66.49864288483909,35.168670027142305,78.67390461419154,77.35556417215975,88.52268321054672,83.4044203179527,59.5967429236138,82.0860798759209,56.649864288483904,94.80418766963939,88.52268321054672,10.469174098487786,88.01861186506397,0.6276422172440788
5,generated_from_refactor.sdf_65,CC12C3=C4C=C=CC5=C3OC(C=C5)CCC1C(=O)C=CC2S4,generated_from_refactor.sdf,308.402,3.845100000000003,3,0,4.0,0.6359603871116415,4,26.3,0.23111563920974731,0.8984857320785522,0.8152235865592956,0.6538477301597595,0.9477777123451233,0.2153908759355545,0.7352021336555481,0.08839082345366478,0.13143630623817443,0.6777825117111206,0.7924069762229919,0.0856992706656456,0.0539471946656704,0.752291464805603,0.9999840259552002,0.14443082585930825,0.18244046866893768,0.12399824112653732,0.3558013379573822,0.149534472823143,0.585140073299408,0.18899323791265488,0.971578848361969,0.5893032789230347,0.9359434723854065,0.1743988275527954,0.5704798817634582,0.6502518653869629,0.2879720523953438,0.837665569782257,0.1908643826842308,-5.023842171100453,48.800035141020146,37.1820512292049,9.782371593704301,-6.602767537231648,2.551253911677657,2.7587491189643587,90.53661092047936,-4.806063716049913,2.1666161015388203,43.11748739821636,74.83520744474602,31.17487398216363,11.768127181077936,63.80379992245056,64.90887941062427,80.1085692128732,13.067080263668089,57.153935633966654,67.27413726250485,53.431562621171,87.35944164404808,98.0224893369523,65.21907716169058,95.57968204730516,45.67661884451338,67.1190383869717,70.29856533540132,90.42264443582783,33.11360992632803,38.309422256688634,68.0496316401706,95.23070957735555,92.32260566110895,91.5083365645599,74.6025591314463,92.67157813105855,91.66343544009305,96.00620395502132,94.99806126405583,88.25126017836371,79.33307483520744,98.95308259015121,92.98177588212485,97.59596742923614,91.08181465684373,89.8797983714618,87.90228770841411,41.45017448623497,47.49903063202792,61.186506397828616,68.32105467235363,53.664210934470724,78.8290034897247,51.72547499030632,75.14540519581233,74.44746025591314,17.13842574641334,55.17642497091896,0.6252497894724494
6,generated_from_refactor.sdf_49,CCCN1C2=C(CCCC=C2)N2c3c1ccc(Cl)c3CCC2OCC,generated_from_refactor.sdf,358.91300000000024,5.636900000000006,3,0,3.0,0.6925331541291119,1,15.71,0.3452415645122528,0.9865837812423706,0.6317383348941803,0.6765365123748779,0.8693284034729004,0.08305370211601257,0.5699320316314698,0.22650719583034515,0.5267264187335968,0.8001322865486145,0.5887125134468079,0.17007366716861724,0.10103284865617752,0.4819504141807556,0.9999587535858154,0.010982454754412174,0.013775238674134016,0.5095835268497467,0.40322225689888,0.030790356174111366,0.10273316130042076,0.04261641725897789,0.9590968132019043,0.7474848866462708,0.6421504259109497,0.02272365503013134,0.46012277007102964,0.6879709839820862,0.40147305428981783,0.7644973874092102,0.7978950262069702,-4.519264388070423,92.3656404651247,51.58361717160807,114.19185575293218,-5.974955468618134,2.400005729233631,3.5549156738801884,97.23777063424691,-5.715634536113543,23.21479663302092,55.60294687863513,92.12873206669252,31.17487398216363,11.768127181077936,20.918960837533927,73.51686700271424,54.80806514152772,7.890655292749127,71.07405971306707,89.6083753392788,28.615742535866616,88.25126017836371,96.12252811167119,30.244280728964714,92.1675067855758,68.98022489336952,86.42884839084917,87.66963939511439,83.52074447460255,53.16013958898798,51.26017836370686,52.888716556804965,90.46141915471112,50.601008142690965,33.19115936409461,93.05932531989143,94.84296238852268,65.29662659945716,57.153935633966654,81.81465684373788,83.01667312911981,85.92477704536643,90.26754556029468,69.87204342768514,96.7429236138038,92.28383094222566,93.60217138425746,80.61264055835595,78.1698332687088,79.29430011632415,88.01861186506397,78.20860798759209,96.66537417603722,83.09422256688639,41.721597518417994,90.42264443582783,86.70027142303218,7.212097712291586,98.64288483908491,0.6134851862830741
7,generated_from_refactor.sdf_13,OC1CCC2CCCN(c3csc4c5c(cnc34)CNC5)C2C1,generated_from_refactor.sdf,329.46900000000016,3.029300000000001,5,2,4.0,0.8442141003482047,3,48.39,0.3664476007223129,0.9677533626556396,0.7520555257797241,0.5938099145889282,0.7686253190040588,0.272071835398674,0.5082231819629669,0.43542314171791074,0.3351023495197296,0.5118585050106048,0.35044744312763215,0.04320872724056244,0.19365977942943574,0.4725075542926788,0.9999582529067993,0.02480099331587553,0.054386889934539794,0.6915378272533417,0.24201247096061707,0.05920469015836716,0.4371060937643051,0.023588407225906848,0.9372586846351624,0.2611019104719162,0.42690650224685667,0.18858180642127992,0.1971996992826462,0.4993972361087799,0.3291107386350632,0.4146197557449341,0.683549964427948,-5.13943206937475,33.81762817391575,6.9110872557388685,47.230379925562964,-10.648618257346737,2.9354593528418276,2.4069824980202545,84.1591926356182,-2.8005168072347146,14.137401859969103,49.12756882512602,62.07832493214424,59.1120589375727,60.85692128732067,63.80379992245056,94.4552151996898,75.43621558743699,29.56572314850717,73.16789453276463,81.27181077937185,43.27258627374951,85.84722760759985,93.4470725087243,74.33113609926328,90.50019387359441,82.70647537805351,80.37999224505621,52.268321054672356,74.33113609926328,17.75882124854595,65.4517254749903,52.423419930205505,90.34509499806126,72.15975184179915,75.2617293524622,96.23885226832105,88.09616130283055,79.91469561845676,93.8348196975572,73.71074059713067,75.80457541682823,64.44358278402481,79.52694842962389,93.4858472276076,91.89608375339279,85.49825513765025,91.58588600232648,49.16634354400931,71.3067080263668,40.28693291973633,47.654129507561066,36.991081814656845,86.42884839084917,39.976735168670025,75.61070182241178,68.0496316401706,62.466072120977124,54.63357890655293,95.424583171772,0.6099705029984128
8,generated_from_refactor.sdf_18,Cc1ccc(N)c2c(N)cccc12,generated_from_refactor.sdf,172.23100000000005,2.31262,2,2,4.0,0.5989801809243438,0,52.04,0.983057165145874,0.9177803039550781,0.9258441090583801,0.9922498464584351,0.704313462972641,0.08009666576981544,0.22854502648115158,0.2482116386294365,0.6305761754512786,0.43066022396087644,0.9146302103996277,0.484253516793251,0.02157906647771597,0.8214769124984741,0.9999896287918091,0.03179347030818462,0.05304387267678976,0.9840496778488159,0.21016122698783873,0.08271105587482452,0.2020377427339554,0.02676319982856512,0.9132985949516297,0.0738625604659319,0.7613806009292603,0.12190252393484116,0.11321636736392975,0.7225261569023133,0.2361084431409836,0.9471890926361084,0.6150245308876038,-5.036020847853699,60.261743924588345,8.952846652727832,27.888603563758977,-9.385376973846334,2.4931063119366685,1.3219032333443204,79.05689216986488,-2.303083005361491,14.400656116876283,13.105854982551376,49.8255137650252,16.38231872818922,60.85692128732067,63.80379992245056,60.33346258239628,22.489336952307095,31.62078324932144,99.22450562233423,70.14346645986816,82.0860798759209,99.68980224893369,91.1981388134936,28.92594028693292,78.01473439317564,70.53121364870104,88.9104303993796,44.78480031019775,95.54090732842187,87.78596355176424,19.968980224893368,73.32299340829779,96.62659945715393,77.47188832880961,74.83520744474602,99.72857696781698,86.19620007754943,85.69212873206669,80.1473439317565,75.68825126017836,69.716944552152,47.537805350911206,94.7654129507561,90.34509499806126,86.23497479643272,92.94300116324156,87.74718883288097,96.89802248933695,68.98022489336952,46.68476153547887,70.60876308646762,39.240015509887556,74.33113609926328,52.69484296238852,47.77045366421093,47.731678945327644,55.48662272198526,64.21093447072508,95.69600620395502,0.6086158927823699
9,generated_from_refactor.sdf_30,COc1ccc2ccc(NC(C)COCC3C=CC(CO)CC3)nc2c1C(N)=O,generated_from_refactor.sdf,399.4910000000002,2.734,6,3,4.0,0.5599224334089874,3,106.69999999999999,0.7192542791366577,0.7661229133605957,0.9304343700408936,0.41199851632118223,0.46727752685546875,0.36356942653656005,0.45812390446662904,0.3414542436599731,0.12568735778331758,0.7101624548435211,0.5157389342784882,0.2709990829229355,0.47959216237068175,0.6280744433403015,0.9997977495193482,0.033153106831014155,0.03278212659060955,0.6351745069026947,0.2003269225358963,0.021249937266111373,0.08282361924648285,0.04170563127845526,0.9409290313720703,0.618829071521759,0.3111966967582703,0.10325027033686637,0.05945557206869125,0.5763522267341614,0.2664864808320999,0.10533350706100464,0.9010780572891235,-4.977937015554171,19.618011179775387,42.45057751146111,24.341852114175158,-13.428745795211992,2.566036969349254,2.4485873201108626,84.75342521145224,-3.602478997885561,12.061988366656824,65.21907716169058,58.00697944939899,69.5036835982939,77.25862737495153,63.80379992245056,55.71927103528499,75.43621558743699,71.0352849941838,92.67157813105855,52.65606824350523,83.36564559906941,80.4575416828228,82.62892594028693,84.72276075998448,89.2206281504459,77.2004652966266,66.57619232260566,74.79643272586273,80.4187669639395,68.7088018611865,87.32066692516479,61.03140752229546,80.8065141527724,78.09228383094222,61.65180302442807,95.46335789065529,85.42070569988367,54.866227219852654,46.956184567661886,81.62078324932143,76.851492826677,80.65141527723924,72.23730127956573,88.71655680496316,77.47188832880961,88.290034897247,88.9492051182629,6.281504459092671,87.04924389298178,50.32958511050795,32.299340829778984,72.89647150058161,70.88018611865064,17.48739821636293,52.92749127568825,68.90267545560295,63.24156649864288,39.0849166343544,94.02869329197362,0.6083276764296999
10,generated_from_refactor.sdf_80,Nc1cc(N2CCOCC2)nc(N(CC2CC2)c2ccccc2)c1,generated_from_refactor.sdf,324.428,3.0485000000000015,5,1,4.0,0.9159477588229044,0,54.62,0.5113335609436035,0.9857359766960144,0.9368449330329895,0.7890071153640748,0.8697232604026794,0.19951069951057435,0.44476149678230287,0.4299502789974213,0.6822393655776977,0.42543224692344667,0.8669322967529297,0.05949140153825283,0.29975983798503875,0.33283265829086306,0.9999925374984742,0.006196853099390864,0.012039853259921074,0.6968712925910949,0.3552765309810638,0.0403272770345211,0.15391070395708084,0.01046300558373332,0.9700699806213379,0.22506290078163146,0.2959347069263458,0.07561089247465133,0.17823865860700608,0.4614768326282501,0.07548838704824448,0.48385792374610903,0.8437949419021606,-4.700340351233663,77.93269633345638,31.627414289649902,-3.0917811793307868,-9.798290138645736,2.7780873001642563,2.8935621624183785,82.26701981521644,-3.1809116127998958,12.168886680818042,47.8867778208608,62.466072120977124,59.1120589375727,36.68088406359054,63.80379992245056,99.72857696781698,22.489336952307095,34.16052733617681,83.48196975571926,89.06552927491275,85.53702985653354,92.05118262892594,96.16130283055448,62.11709965102753,88.67778208607987,82.3962776269872,89.99612252811167,44.280728964715,93.4470725087243,23.4587049243893,76.30864676231097,42.53586661496704,97.44086855370298,36.68088406359054,29.391236913532374,96.35517642497092,92.67157813105855,71.73322993408297,71.50058162078325,61.53547886777821,87.51454051958123,62.85381930981,71.0352849941838,85.38193098100038,91.08181465684373,84.17991469561845,71.69445521519968,56.26211709965103,81.27181077937185,67.66188445133773,81.50445909267158,63.047692904226444,30.78712679333075,48.5459480418767,66.14967041488948,77.97595967429235,59.364094610314076,47.03373400542846,94.14501744862349,0.6035623092848644
11,generated_from_refactor.sdf_67,CC(C)N1Cc2cc3n(c2C2=C1C(=Cc1ccc(O)cc1)CC2)CCN3C1CCC=NC1,generated_from_refactor.sdf,428.5800000000003,5.059400000000005,5,1,3.0,0.7432139888059668,1,44.0,0.23551178276538848,0.8693026423454284,0.6045642495155334,0.3827170550823212,0.6235974431037903,0.31648733019828795,0.5313236117362976,0.39859123826026915,0.4492202877998352,0.8576135635375977,0.29542318284511565,0.13650387711822987,0.1665494278073311,0.4303061068058014,0.9991947650909424,0.017126180604100226,0.018863500095903873,0.5729454934597016,0.3701998233795166,0.13189620822668074,0.24619422107934952,0.03880598433315754,0.8882347464561462,0.7704573035240173,0.5563408970832825,0.17161363884806632,0.6568877935409546,0.7045841574668884,0.5093748509883881,0.4732890993356705,0.8572008013725281,-5.118105367434528,43.051102370505454,82.26791936298612,-7.162531794810175,-8.082734348463374,2.989883118910352,3.6404020480335086,102.40091482222635,-5.275996079173802,1.1783281133374088,71.53935633966654,89.02675455602946,59.1120589375727,36.68088406359054,20.918960837533927,81.23303606048856,54.80806514152772,26.211709965102752,57.9682047305157,63.47421481194261,26.09538580845289,79.44939899185731,88.63900736719658,79.95347033734005,90.92671578131058,80.30244280728965,84.41256300891818,95.85110507948818,72.12097712291586,46.29701434664599,62.466072120977124,49.63164017060876,67.93330748352074,62.81504459092672,42.96238852268321,94.30011632415665,93.56339666537417,90.57774331136099,84.45133772780147,80.53509112058937,64.8313299728577,86.85537029856533,86.39007367196588,92.86545172547498,98.29391236913533,92.63280341217526,96.00620395502132,55.17642497091896,82.35750290810391,41.45017448623497,56.26211709965103,91.62466072120976,23.691353237689025,65.64559906940674,78.1698332687088,91.46956184567662,93.8348196975572,10.895696006203956,46.64598681659558,0.6028180785048302
12,generated_from_refactor.sdf_14,N#Cc1ccc2c(c1)OC(=O)CC1=C2OC(c2ccc(O)cc2)C=C1,generated_from_refactor.sdf,331.327,3.6117800000000013,5,1,4.0,0.6376601697979072,1,79.55,0.2642150163650513,0.3309767097234726,0.6895137906074524,0.7551535367965698,0.7644779920578003,0.20067039132118225,0.8394758820533752,0.08624317944049835,0.055711569637060164,0.6650757193565369,0.6630709707736969,0.14803515579551457,0.05296432189643383,0.9006226897239685,0.9996093153953552,0.026286195032298565,0.0904899314045906,0.3129175424575806,0.17201804518699645,0.33376456797122955,0.5380264699459076,0.10779580473899841,0.9128102421760559,0.44059559106826784,0.49680771231651305,0.22449133098125457,0.216807621717453,0.8384531497955322,0.53173046708107,0.5158632636070252,0.49777257442474365,-4.631369408589417,106.257191852547,71.08910989044641,-21.18024765662628,-9.30559589586019,3.6555658882011857,2.6268192378512145,97.25700485238426,-5.681977062195296,-7.549074731397144,49.398991857309035,71.42303218301667,59.1120589375727,36.68088406359054,63.80379992245056,65.06397828615742,54.80806514152772,53.12136487010469,62.15587436991082,20.16285381930981,35.05234587049244,91.08181465684373,93.36952307095774,62.427297402093835,97.32454439705312,45.17254749903063,52.268321054672356,68.63125242341992,85.61457929430011,48.39084916634354,37.80535091120589,81.31058549825514,74.99030632027917,73.5944164404808,85.14928266770066,87.43699108181465,82.7452500969368,95.88987979837145,95.30825901512213,91.81853431562621,69.52307095773556,72.81892206281505,83.52074447460255,94.80418766963939,92.63280341217526,96.35517642497092,96.51027530050406,59.5967429236138,63.43544009305933,71.84955409073284,92.01240791004265,87.55331523846452,7.5222954633578905,53.70298565335401,94.99806126405583,72.6250484683986,86.70027142303218,7.444746025591314,3.4121752617293524,0.6015307132769729
13,generated_from_refactor.sdf_9,C=CC1=C2CN3CCOC3=CC2OC2=C3C4=C(N=NC4=C12)C1=C(COC(C#N)=C1Cl)C(C)C31COCO1,generated_from_refactor.sdf,516.9410000000004,3.990280000000003,9,0,3.0,0.5194360637757396,3,97.9,0.6008965075016022,0.5151246756315231,0.5835212409496308,0.1993478700518608,0.7284381210803985,0.024685430992394685,0.7278308629989624,0.03421808509156108,0.0991988155990839,0.7842253923416138,0.6055611819028854,0.1313547044992447,0.055140990391373636,0.9559044003486633,0.9974789619445801,0.03631563074886799,0.015250610746443271,0.3530510038137436,0.4706837236881256,0.06745965275913476,0.08796664476394653,0.10192825645208359,0.9122276782989502,0.8683805704116822,0.9459494590759278,0.4195539429783821,0.3063847690820694,0.6794868290424347,0.46810002624988556,0.7136841475963592,0.7822005271911621,-4.707862177422273,55.82384898328851,45.73137700583028,16.561836488933942,-6.484998534679955,3.7549794011456017,3.5019364828044828,104.21105600752307,-7.648447851058416,-3.902636984620295,83.21054672353625,77.23924001550989,86.25436215587436,11.768127181077936,20.918960837533927,49.437766576192324,75.43621558743699,65.95579682047305,87.86351298953082,31.834044203179527,24.350523458704924,69.75571927103529,92.1675067855758,9.073284218689414,95.38580845288871,25.281116711903838,61.884451337727796,85.69212873206669,83.86971694455215,45.48274525009693,38.813493602171384,90.46141915471112,55.6804963164017,79.44939899185731,36.370686312524235,89.06552927491275,96.51027530050406,82.7452500969368,49.74796432725863,91.39201240791004,69.44552151996898,91.23691353237689,99.06940674680108,98.25513765025204,94.92051182628926,92.08995734780923,95.07561070182241,77.27801473439317,77.00659170221016,67.04148894920512,67.1190383869717,74.79643272586273,63.20279177975959,79.68204730515704,96.04497867390461,89.45327646374564,96.31640170608763,0.31019775106630476,12.369135323768901,0.6000763988148273
14,generated_from_refactor.sdf_58,CNC(=O)CCCC(Cc1ccon1)c1ccc(N(C)C(C)(C)OC(=O)Nc2ccccc2)cc1,generated_from_refactor.sdf,478.59300000000025,5.338200000000005,6,2,3.0,0.3613047724157674,1,96.70000000000002,0.18091683089733124,0.7410145998001099,0.6505492806434632,0.2160168170928955,0.9416983604431153,0.2691302925348282,0.9229580760002136,0.11644948199391365,0.7215067625045777,0.8522001266479492,0.9785510897636414,0.1783672571182251,0.34910412728786466,0.7216328263282776,0.998202097415924,0.013788955938071012,0.018055229820311068,0.2000730514526367,0.1844031482934952,0.033477003872394565,0.08873287327587605,0.06749597564339638,0.9257007122039795,0.9530547142028809,0.6163642048835755,0.02192005203105509,0.133346626162529,0.49825804233551024,0.1503828853368759,0.1836802825331688,0.8789789795875549,-5.242701673687292,90.18957677585227,102.2676907169949,73.97653655812908,-9.797695808249586,2.8993847219660767,3.1822263033343345,98.11599278056113,-4.8322833041535125,3.592336635656578,79.60449786739046,90.81039162466072,69.5036835982939,60.85692128732067,20.918960837533927,29.158588600232648,54.80806514152772,65.41295075610702,49.08879410624273,50.32958511050795,30.12795657231485,70.99651027530051,97.82861574253586,73.90461419154711,98.56533540131834,52.849941837921676,91.12058937572702,95.15316013958899,98.91430787126794,54.711128344319505,79.68204730515704,65.83947266382319,59.32531989143079,57.076386196200076,41.60527336176813,81.7371074059713,83.90849166343544,67.50678557580457,50.096936797208215,87.55331523846452,72.6250484683986,97.32454439705312,89.33695230709577,69.3679720822024,88.25126017836371,85.49825513765025,80.88406359053897,18.262892594028692,84.60643660333463,34.43195036835983,86.9716944552152,96.00620395502132,92.63280341217526,48.5459480418767,73.63319115936409,84.52888716556805,87.9410624272974,16.556804963164016,65.37417603722373,0.5991697105643032
15,generated_from_refactor.sdf_68,CC=C(C#CC1OCOC1=C=CC(N)CC1C2COC21)C(=CCCCOC(C)CC)CC1(O)CC1,generated_from_refactor.sdf,483.6490000000004,4.146900000000003,6,2,4.0,0.18784221384857733,6,83.17000000000002,0.6077959299087524,0.7907176494598389,0.4787464618682861,0.013234247639775275,0.4995498716831207,0.01600813176482916,0.2447458177804947,0.1120459008961916,0.41981168687343595,0.9101955413818359,0.9673930644989014,0.07180487439036369,0.2615839779376984,0.20951899588108064,0.9995698451995849,0.021825872967019676,0.02184602143242955,0.07411843352019787,0.29952946603298186,0.13421681225299836,0.132304348051548,0.04362898729741573,0.8707149863243103,0.835125744342804,0.8744540333747863,0.1390178069472313,0.49083538055419923,0.5364754438400269,0.20551176369190216,0.5550897568464279,0.7281987547874451,-5.454920044614719,52.86381908063528,59.814829662832565,3.7957686766540824,-5.045466430533003,4.212543519926029,2.548456628169869,92.47603552816689,-3.1456029896148108,4.794464898110026,79.95347033734005,79.17797595967428,69.5036835982939,60.85692128732067,63.80379992245056,11.942613416052733,87.12679333074836,55.71927103528499,88.25126017836371,54.827452500969365,18.34044203179527,36.60333462582396,83.90849166343544,5.583559519193486,79.25552539744086,51.88057386583947,83.44319503683599,98.79798371461807,98.33268708801862,28.576967816983327,73.16789453276463,33.69523070957735,74.33113609926328,68.82512601783637,47.692904226444355,67.15781310585498,90.77161690577744,90.69406746801086,66.38231872818922,82.0860798759209,62.11709965102753,89.53082590151222,97.98371461806902,91.23691353237689,97.01434664598682,86.85537029856533,85.57580457541683,62.81504459092672,73.82706475378053,25.048468398604108,64.63745637844126,82.55137650252036,44.20317952694843,88.9104303993796,98.72043427685149,71.26793330748352,77.89841023652578,47.84800310197751,73.2842186894145,0.5978965330660038
16,generated_from_refactor.sdf_47,O=C1N=CC2=C1N1C3(N2)C12c1ccc(Cl)cc1C14CC(F)CCC1C432,generated_from_refactor.sdf,353.78400000000016,2.3762000000000008,3,1,4.0,0.7283147911138059,6,44.47,0.28504272140562537,0.9730484962463379,0.9060362577438354,0.200678626075387,0.9516847610473633,0.29046275168657304,0.6434535682201385,0.02436661086976528,0.028685310622677207,0.8587835788726806,0.6439367398619652,0.30358234196901324,0.06893257433548569,0.6963583946228027,0.9999963045120239,0.008257107284589438,0.05565154673531651,0.19697747994214296,0.4553958892822266,0.02289674123749137,0.2988003343343735,0.015978369861841202,0.9830348491668701,0.2736216500401497,0.8675657272338867,0.058397169411182406,0.16810190230607985,0.7844722628593445,0.11476730108261109,0.731759887933731,0.4066498875617981,-4.75247870463796,-18.701109088999015,7.4496309957302715,38.45291892107594,-8.294368241416922,3.8976668047817062,3.088509150268659,93.30292031800373,-4.922663240622223,-5.493813080554071,54.36215587436991,51.143854207057,31.17487398216363,36.68088406359054,63.80379992245056,78.67390461419154,87.12679333074836,26.405583559519194,64.63745637844126,83.21054672353625,75.45560294687863,69.87204342768514,98.21636293136875,76.77394338891042,93.67972082202404,17.991469561845676,41.41139976735168,95.88987979837145,84.76153547886777,72.74137262504847,42.96238852268321,64.55990694067468,98.48778596355176,42.846064366033346,75.99844901124467,81.50445909267158,96.31640170608763,57.076386196200076,88.52268321054672,67.97208220240402,93.56339666537417,64.98642884839084,97.82861574253586,81.89220628150446,90.61651803024428,94.95928654517255,77.2004652966266,78.59635517642496,58.78247382706475,64.59868165955797,6.359053896859248,37.65025203567274,81.38813493602171,63.31911593640946,96.97557192710353,82.66770065917022,79.64327258627375,15.238464521132222,7.173322993408298,0.5843405049282775
17,generated_from_refactor.sdf_2,O=C1C2C(O)=CC=NCC3(C4OC4CC(F)F)CC(C4CCCCC4)C12C3,generated_from_refactor.sdf,379.4470000000003,4.097300000000003,4,1,4.0,0.7483588865808655,6,62.19,0.2581766188144684,0.9930157423019409,0.88591548204422,0.019947468116879464,0.6833268165588379,0.10372797697782517,0.35172210037708285,0.09527710601687431,0.20702720880508424,0.7730930805206299,0.5162727475166321,0.05816939380019903,0.13565647825598717,0.21731355637311936,0.9999957323074341,0.03624092824757099,0.3524122446775436,0.048869823291897777,0.3435765415430069,0.009153052233159542,0.2056065544486046,0.015473007131367922,0.9434957504272461,0.8359458804130554,0.6274804830551147,0.029772720765322447,0.02789983693510294,0.5473746836185456,0.051088936440646646,0.17526414766907691,0.4304902791976929,-5.038138143119329,79.963089806704,64.89249134453806,-24.741223549618166,-7.062970094070769,3.6417368209055843,3.925686329538371,98.93026811228154,-4.380986308303635,6.648457254779551,60.44978673904614,78.55758045754168,46.47150058162078,36.68088406359054,63.80379992245056,81.89220628150446,87.12679333074836,39.860411012020165,61.45792943001163,93.67972082202404,69.09654905001939,41.023652578518806,90.5389685924777,36.68088406359054,84.91663435440093,47.576580069794495,74.02093834819698,84.06359053896858,80.4575416828228,23.070957735556416,57.77433113609926,34.43195036835983,98.25513765025204,79.41062427297402,94.26134160527336,60.64366033346258,92.24505622334237,33.96665374176037,80.61264055835595,67.50678557580457,77.58821248545948,89.53082590151222,89.72469949592865,73.67196587824738,63.784412563008914,87.20434276851492,65.37417603722373,17.022101589763473,60.2559131446297,46.60721209771229,82.47382706475378,84.95540907328422,5.622334238076774,74.52500969367972,94.72663823187281,94.64908879410623,89.29817758821248,24.505622334238076,82.51260178363707,0.572120781498256
18,generated_from_refactor.sdf_27,CC1(C)OCC2=c3c(nc(N)c4c3=C3C(O2)C25CCC=C(O)CC26CC65CC32CC(=O)OC42)C1=O,generated_from_refactor.sdf,474.5130000000004,1.7069999999999994,8,2,4.0,0.5454224458196214,6,120.97000000000003,0.26038422584533694,0.8514021515846253,0.7458660006523132,0.0072699812008067966,0.08819899745285512,0.03380390712991357,0.17308216094970702,0.022283643670380115,0.012705423776060343,0.6755914926528931,0.27542326897382735,0.034645770117640494,0.24242697060108184,0.7591119170188904,0.9995057344436645,0.4236237734556198,0.6711937189102173,0.05422613061964512,0.33439686298370364,0.04107111245393753,0.24418994337320327,0.032184018194675444,0.902417516708374,0.11139127723872662,0.33163775205612184,0.25780298858880996,0.024426821246743204,0.34872819781303405,0.4510090723633766,0.060243194550275804,0.439696329832077,-5.121475457259811,51.41565210368274,46.61191176816326,-8.701115978987053,-10.951110145727428,4.151550540733976,2.2971590336414485,84.90257340039724,-3.567988053278119,4.667959536898276,78.98410236525785,41.45017448623497,82.35750290810391,60.85692128732067,63.80379992245056,53.54788677782086,87.12679333074836,78.44125630089182,61.768127181077936,61.53547886777821,42.22566886390074,30.050407134548273,47.30515703761148,12.40791004265219,73.98216362931369,16.05273361768127,28.538193098100038,69.98836758433501,70.99651027530051,14.540519581233035,71.22915858860023,68.43737882900349,72.89647150058161,94.84296238852268,95.15316013958899,62.427297402093835,92.01240791004265,71.77200465296626,84.21868941450174,78.05350911205893,67.31291198138814,53.043815432338114,73.43931756494766,95.65723148507173,61.225281116711905,80.03101977510663,94.68786351298952,1.589763474214812,60.759984490112444,41.33385032958511,63.47421481194261,75.37805350911205,21.248545948041876,36.87475765800698,98.21636293136875,66.42109344707251,63.39666537417604,39.62776269872043,72.6250484683986,0.5462249953109827
19,generated_from_refactor.sdf_0,C=C(C)C1CCc2ccc(N3CCCC3)cc2C1,generated_from_refactor.sdf,241.37799999999993,3.967800000000003,1,0,4.0,0.7082034417523293,1,3.24,0.34851507246494295,0.9969233870506287,0.9104495406150818,0.9015453934669495,0.9368921399116517,0.25303316712379453,0.28509650826454164,0.4584617048501968,0.3096489280462265,0.5706002712249756,0.19830466732382773,0.09641688019037246,0.03974250685423612,0.3484393358230591,0.9999932289123535,0.002305369940586388,0.044043350592255594,0.3494854211807251,0.11693375706672668,0.011337616015225649,0.1968966916203499,0.0058572179637849334,0.9919523239135742,0.2338972121477127,0.2273958794772625,0.015183508396148682,0.09886993914842605,0.28136120140552523,0.03035148177295923,0.6684008955955505,0.711605703830719,-4.466136064581673,82.37655820004356,56.07890366365348,-2.1478876964403826,-5.012698394982272,2.3409045681740226,3.5197621645777226,95.95380343216381,-4.549624999583647,6.518970167818407,25.009693679720822,77.16169057774331,6.649864288483908,11.768127181077936,63.80379992245056,76.26987204342768,54.80806514152772,3.9744086855370298,71.42303218301667,97.13067080263667,76.81271810779371,95.19193485847228,97.59596742923614,71.69445521519968,81.81465684373788,83.59829391236913,78.98410236525785,57.54168282279953,65.8006979449399,36.25436215587437,31.601395889879797,43.621558743699104,97.59596742923614,18.650639782861575,69.83326870880185,88.9492051182629,75.72702597906165,38.813493602171384,79.52694842962389,52.92749127568825,98.33268708801862,63.31911593640946,64.24970918960837,63.28034121752617,84.83908491663435,77.2004652966266,56.029468786351295,72.78014734393176,73.12911981388135,82.47382706475378,83.63706863125242,81.15548662272198,32.53198914307871,88.98797983714618,38.231872818922064,89.72469949592865,84.17991469561845,21.442419542458317,82.16362931368748,0.544686853243781
20,generated_from_refactor.sdf_41,CCCC1=C2CCC(=C(C3=NC(=O)C=C(C)C3)C3=CCC(=O)C(C3)CC3CN(CC=C3O)C1=O)C2,generated_from_refactor.sdf,474.60100000000034,5.090700000000004,4,1,3.0,0.6171690345244941,2,87.03999999999999,0.05492668226361275,0.5307200670242309,0.5190092265605927,0.044486664421856406,0.4746227264404297,0.15559303462505342,0.5493919551372528,0.048443447425961496,0.12326687723398208,0.8358386754989624,0.3331773474812508,0.24845633581280707,0.049220215529203415,0.7730850338935852,0.9991880774497985,0.16241003423929215,0.2998820334672928,0.059654366225004196,0.08384182136505842,0.016301688272506,0.21772483587265015,0.02076059002429247,0.9309912323951721,0.8681810021400451,0.6673476338386536,0.05647862814366818,0.17119932770729065,0.7985406875610351,0.17463832944631577,0.2147310718894005,0.239102303981781,-4.899994314973291,91.70264253048538,128.7310203486264,-18.104813369272414,-7.544202261523438,3.994255630006374,3.505139552529182,95.91767852093739,-4.248998729243622,2.3902914114654474,79.1004265219077,89.29817758821248,46.47150058162078,36.68088406359054,20.918960837533927,62.73749515316014,68.86390073671966,58.86002326483133,21.248545948041876,32.68708801861187,20.628150445909267,50.7948817371074,82.86157425358665,51.841799146956184,91.62466072120976,32.68708801861187,66.14967041488948,93.136874757658,73.5944164404808,65.8006979449399,35.789065529274914,69.48429623885227,67.81698332687088,92.63280341217526,93.8348196975572,63.8231872818922,70.14346645986816,47.96432725862737,81.96975571927103,71.92710352849942,73.82706475378053,91.23691353237689,91.1981388134936,81.46568437378829,90.69406746801086,95.26948429623884,83.36564559906941,22.683210546723537,46.14191547111283,55.06010081426909,87.66963939511439,98.91430787126794,9.7712291585886,70.60876308646762,97.47964327258627,89.49205118262893,84.17991469561845,26.7157813105855,57.115160915083365,0.5420846566962287
21,generated_from_refactor.sdf_70,C=C(CC12CC(C)N3CC3C1(C)O2)C(C1=CCC(F)=CC1C1CCCC(F)(F)CC1)c1ccccc1,generated_from_refactor.sdf,497.64500000000027,7.735900000000009,2,0,3.0,0.22695558474784908,8,15.54,0.5809669077396393,0.9937013745307922,0.7588405966758728,0.006214525550603867,0.46086227893829346,0.029088116809725763,0.32375802993774416,0.0914936125278473,0.7169735133647919,0.8536134719848633,0.8954812288284302,0.18422996401786804,0.40363293290138247,0.06477136611938476,0.9999903440475464,0.005147936835419387,0.02052383031696081,0.019825595431029797,0.12755587697029114,0.012272789515554905,0.04846368730068207,0.0015251768403686584,0.9664868950843811,0.9156024098396301,0.5576619565486908,0.002601211005821824,0.06442827507853507,0.4606121242046356,0.014343617670238017,0.5585528522729873,0.9738254070281982,-5.124747290866233,71.54450217454821,39.95772023851111,32.11745258266304,-3.7689727472305803,5.000295391431512,4.590681448669052,103.49522669765388,-5.735347025307742,11.096831919900294,81.38813493602171,97.90616518030244,16.38231872818922,11.768127181077936,20.918960837533927,14.307871267933308,91.97363319115937,7.716169057774331,87.16556804963164,94.30011632415665,44.35827840248158,27.91779759596743,82.24117875145404,10.740597130670803,83.52074447460255,46.568437378829,90.96549050019387,95.34703373400542,94.68786351298952,55.913144629701435,83.4044203179527,14.6568437378829,96.95618456766188,32.33811554866227,45.40519581233036,46.76231097324544,77.82086079875921,40.480806514152775,25.281116711903838,31.058549825513765,86.15742535866615,94.84296238852268,86.42884839084917,35.789065529274914,78.75145405195812,84.17991469561845,43.85420705699884,62.97014346645987,97.13067080263667,41.023652578518806,78.09228383094222,70.76386196200077,77.16169057774331,93.36952307095774,99.96122528111671,98.72043427685149,95.26948429623884,7.056998836758433,92.5164792555254,0.5417974902603183
22,generated_from_refactor.sdf_54,CCC(=O)C(NNc1ccc(C(=O)N2CCCC2)nc1)c1ccccc1,generated_from_refactor.sdf,352.438,2.9545000000000012,5,2,4.0,0.749604333100404,1,74.33000000000001,0.45349639654159546,0.8024224519729615,0.9548355221748352,0.10564440712332726,0.4538524866104126,0.44027907848358155,0.36081965267658234,0.14640697166323663,0.03980593057349324,0.40832422375679017,0.44505653381347654,0.4654101550579071,0.4064765334129333,0.7898413181304932,0.9996342539787293,0.011368292733095586,0.016836388595402242,0.4552062928676605,0.06106820404529571,0.00690720141865313,0.20807493180036546,0.011823288118466734,0.9528114557266235,0.2032328426837921,0.46457478404045105,0.047946498915553096,0.031125163100659846,0.3119532108306885,0.038544367998838425,0.317631459236145,0.4240471810102463,-5.0224040151839775,68.52906258547446,4.786523978571944,12.635583695882042,-12.8899412365909,3.0694718253954507,1.635576816594622,80.2132423396019,-3.8975529224754917,10.250270888644861,53.93563396665374,61.10895696006204,59.1120589375727,60.85692128732067,63.80379992245056,82.00853043815432,54.80806514152772,48.817371074059714,79.7983714618069,55.913144629701435,91.08181465684373,60.87630864676231,81.89220628150446,90.30632027917797,85.22683210546724,58.317177200465295,47.03373400542846,42.72974020938348,78.20860798759209,86.77782086079876,83.55951919348584,70.6863125242342,75.61070182241178,51.4540519581233,39.62776269872043,91.93485847227608,64.87010469174098,27.568825126017835,80.92283830942226,63.35789065529275,80.88406359053897,61.5742535866615,81.93098100038775,79.95347033734005,66.26599457153935,78.59635517642496,61.07018224117875,37.30127956572315,59.82939123691353,47.731678945327644,76.07599844901124,34.23807677394339,58.355951919348584,21.209771229158587,82.04730515703761,52.92749127568825,56.80496316401706,33.77278014734393,91.70221015897634,0.5408545573069246
23,generated_from_refactor.sdf_73,C#CC1CCC2C3C=C(O)CCC32C1C1=NC2(O)NC(CCC)CC2=C1,generated_from_refactor.sdf,352.4780000000001,3.3030000000000017,4,3,4.0,0.6829710716811378,7,64.85000000000001,0.23817568123340607,0.6656106233596801,0.7689663648605347,0.06895094625651836,0.5217194020748138,0.26062034666538236,0.21628748923540114,0.24960513412952423,0.6756965339183807,0.7979938983917236,0.6642653465270996,0.09648515246808528,0.26757228970527647,0.1400985188782215,0.9997836351394653,0.025972533226013183,0.19597327411174775,0.11018897667527199,0.051772918365895745,0.09139103665947915,0.4705828487873077,0.010193606186658145,0.8503525018692016,0.13195223063230516,0.32476395964622495,0.016957146301865577,0.05409917570650578,0.20804752930998802,0.08409583009779453,0.33159375488758086,0.3218238353729248,-5.24706714172643,20.56195381182579,8.53925010490094,-11.97421808648993,-7.257526006544161,3.0357092734182687,2.8833950109430364,89.73926620660568,-3.7051568231131737,1.4203301226923912,54.129507561070184,66.49864288483909,46.47150058162078,77.25862737495153,63.80379992245056,72.15975184179915,89.78286157425359,42.96238852268321,58.23962776269872,43.58278402481582,45.52151996898022,55.3702985653354,84.80031019775106,72.35362543621558,77.04536642109345,70.56998836758433,89.80224893369522,87.35944164404808,85.6533540131834,36.25436215587437,73.67196587824738,26.09538580845289,80.1085692128732,73.01279565723148,91.97363319115937,73.12911981388135,61.61302830554478,87.04924389298178,94.22256688639007,61.26405583559519,59.557968204730514,54.788677782086076,73.12911981388135,65.18030244280729,75.76580069794494,73.32299340829779,73.43931756494766,38.96859247770453,52.61729352462194,34.082977898410235,33.15238464521132,38.58084528887166,16.595579682047305,73.12911981388135,80.57386583947266,77.78208607987592,72.97402093834819,37.4563784412563,49.08879410624273,0.5330272700468026
24,generated_from_refactor.sdf_55,CC(O)CN1CC=CC2=C1C=CC1(C3C(C)OCC4CCC(C(F)(F)F)C43)C2C1(N)O,generated_from_refactor.sdf,440.50600000000014,2.5660000000000003,5,3,4.0,0.588258598813017,9,78.95,0.4805518925189972,0.9578701257705688,0.7848705053329468,0.006577674194704741,0.5425565242767334,0.03301903298124671,0.1454599529504776,0.24381495490670205,0.16986575573682786,0.6721387147903443,0.8990381240844727,0.12925013676285743,0.32047347724437714,0.10248596072196961,0.9999517917633056,0.0174450964666903,0.1450123205780983,0.0636847298592329,0.19451789483428,0.01179736601188779,0.06268980428576469,0.0029684616485610603,0.9230789542198181,0.5469124972820282,0.23622548282146455,0.009143943106755615,0.02398783266544342,0.3733982741832733,0.021667646057903767,0.21308931186795235,0.8816579222679138,-5.214711656616756,15.953963820334357,16.07005024486068,12.728133104032782,-8.426472844318788,5.031859919824381,2.2564066863981678,74.67401504741896,-3.224771630206006,0.571481515154422,73.5944164404808,54.4009305932532,59.1120589375727,77.25862737495153,63.80379992245056,59.13144629701434,93.95114385420706,52.92749127568825,81.46568437378829,78.05350911205893,48.352074447460254,28.615742535866616,85.38193098100038,12.214036448235749,71.19038386971694,70.18224117875145,71.0352849941838,69.40674680108569,94.92051182628926,45.01744862349748,77.74331136099264,20.860798759208997,89.49205118262893,63.47421481194261,89.68592477704536,65.06397828615742,84.95540907328422,39.70531213648701,34.74214811942613,41.48894920511826,72.19852656068244,77.5106630476929,65.18030244280729,54.129507561070184,60.9150833656456,80.8065141527724,50.17448623497479,22.60566110895696,84.76153547886777,36.02171384257464,29.003489724699495,47.692904226444355,58.39472663823187,62.15587436991082,100.0,65.37417603722373,49.08879410624273,46.14191547111283,41.644048080651416,0.5281810389236951
25,generated_from_refactor.sdf_3,C=CCCCCCCCC1C2COCCCCC3c4cncc(c43)C(NCNC(CO)COC)N12,generated_from_refactor.sdf,486.7010000000002,3.839500000000001,7,3,4.0,0.15045162639261295,6,78.65,0.42660641968250274,0.7353803992271424,0.45844640731811526,0.016057118540629745,0.4272374093532562,0.027513894811272623,0.23331963419914245,0.35459778904914857,0.717158979177475,0.7092425942420959,0.9063098788261413,0.06652142107486725,0.6416243553161621,0.09803772941231728,0.9995944023132324,0.0025482388213276864,0.005923313368111849,0.31133741438388823,0.08104667738080025,0.01342680174857378,0.05148488432168961,0.0013528274546843022,0.8186679601669311,0.7714476466178894,0.226887483894825,0.0020672017941251396,0.10290978997945785,0.1281084708869457,0.031208255887031557,0.6859791100025177,0.9191838145256043,-5.5816379856333445,53.752757448537956,56.95305850568305,27.087557388655284,-9.195168885402367,2.8046631383341944,1.780396653270003,84.7516215180315,-2.9666817382138913,8.893477052374754,80.30244280728965,74.83520744474602,77.35556417215975,77.25862737495153,63.80379992245056,8.879410624272975,87.12679333074836,52.61729352462194,78.05350911205893,49.74796432725863,16.983326870880184,38.735944164404806,80.57386583947266,10.081426909654905,78.32493214424196,77.85963551764249,90.96549050019387,74.68010856921288,95.15316013958899,26.521907716169057,95.61845676618844,20.2016285381931,74.71888328809617,19.968980224893368,15.626211709965101,87.39821636293136,69.63939511438542,43.11748739821636,27.607599844901124,29.197363319115937,56.41721597518418,86.85537029856533,64.1721597518418,32.80341217526173,85.22683210546724,66.7312911981388,56.72741372625048,74.44746025591314,88.9492051182629,20.97712291585886,65.4517254749903,81.62078324932143,73.90461419154711,55.06010081426909,68.28227995347034,55.874369910818146,63.24156649864288,51.37650252035672,89.29817758821248,0.5271226171843162
26,generated_from_refactor.sdf_15,OC1C(F)=CCCC1(O)CC1CCCCCCOc2c(C3CC=C4CCCCCC4C3)cccc21,generated_from_refactor.sdf,482.68000000000035,7.626500000000008,3,2,3.0,0.4355764541210901,5,49.69,0.1126359798014164,0.8624737739562989,0.8053667068481445,0.01288706149207428,0.2560729309916496,0.38554728627204893,0.16718777269124985,0.2108177900314331,0.11223312094807625,0.8454814910888672,0.19895150065422057,0.41114371120929716,0.030720569752156736,0.1926509290933609,0.9998961329460144,0.0037331963423639534,0.022296429425477982,0.026635364443063737,0.05383097492158413,0.008387235598638654,0.08479614779353142,0.03467325083911419,0.7876769065856933,0.9899034261703491,0.36909694969654083,0.001513898093253374,0.16811423152685165,0.7066852450370789,0.03331279419362545,0.2627283573150635,0.8955979824066163,-4.954181253184501,53.25474770388731,96.40526208826222,15.442084977557922,-5.2937578902111095,4.5011653024461,4.870883095252472,107.0011216770591,-5.719395596163991,4.379454270450226,79.91469561845676,97.71229158588599,31.17487398216363,60.85692128732067,20.918960837533927,38.38697169445521,83.96665374176037,30.341217526172933,36.25436215587437,62.85381930981,51.53160139588988,36.25436215587437,69.17409848778595,86.50639782861575,73.47809228383095,67.0802636680884,64.21093447072508,94.49398991857309,65.83947266382319,83.0554478480031,26.405583559519194,32.14424195424583,84.9941837921675,26.444358278402483,48.352074447460254,51.57037611477317,62.504846839860406,31.252423419930203,48.158200853043816,79.1004265219077,52.81116711903839,99.68980224893369,75.8821248545948,29.042264443582784,90.61651803024428,92.74912756882512,58.16207832493214,30.476929042264445,86.35129895308259,51.803024428072895,65.141527723924,94.92051182628926,61.65180302442807,87.24311748739821,99.49592865451726,99.49592865451726,97.94493989918573,7.212097712291586,70.84141139976735,0.5247494229195238
27,generated_from_refactor.sdf_44,NC1=CCc2c3c(c(O)cc2=C1)=NC=C3,generated_from_refactor.sdf,198.22500000000002,0.17530000000000012,3,2,4.0,0.6242320668845318,0,58.61,0.9228117346763611,0.5135757744312286,0.6512898862361908,0.9780554056167603,0.2839180015027523,0.0571247935295105,0.2564320147037506,0.24537990242242813,0.4411455124616623,0.3931621640920639,0.5414586067199707,0.05244065225124359,0.022843307442963125,0.6376579880714417,0.9999732971191406,0.029624472558498382,0.05467196805402637,0.9546960473060608,0.11035227626562119,0.1575700670480728,0.271452808380127,0.014994453778490425,0.8488871693611145,0.06493946556001902,0.7948721289634705,0.1187798760831356,0.25148031413555144,0.8657950043678284,0.22518503814935684,0.9524513363838196,0.30526490807533263,-4.9991383279980885,44.50879073879406,1.7101653931622955,-24.634465645084237,-10.944973666829828,2.8054488213758826,1.0444763435758604,64.70762782260248,-2.50392329462813,0.8219495032874367,17.215975184179914,25.281116711903838,31.17487398216363,60.85692128732067,63.80379992245056,63.745637844125625,22.489336952307095,37.107405971306704,98.0612640558356,31.834044203179527,30.205506010081425,98.48778596355176,71.46180690189996,20.666925164792556,79.87592089957347,70.45366421093446,84.14113997673516,41.33385032958511,81.58200853043815,21.132221791392013,21.1709965102753,61.41915471112834,93.02055060100814,76.26987204342768,75.45560294687863,99.37960449786739,74.6025591314463,91.97363319115937,86.70027142303218,67.31291198138814,59.40286932919736,46.335789065529276,95.92865451725474,90.15122140364483,93.52462194649088,97.01434664598682,87.2818922062815,97.4020938348197,51.10507948817371,48.97246994959286,57.58045754168282,30.593253198914308,5.661108956960062,36.91353237689027,68.28227995347034,42.96238852268321,37.02985653354013,60.759984490112444,43.42768514928267,0.5223271277797172
28,generated_from_refactor.sdf_35,C#CC1CC2(C1)C13CCC=CCC1C23C(S)S,generated_from_refactor.sdf,262.443,3.5580000000000034,2,2,4.0,0.3069105486231206,3,0.0,0.08186236955225468,0.9557512044906616,0.7925568699836731,0.22237953133881092,0.8611618757247925,0.23611236214637757,0.3952975690364838,0.05886407671496272,0.12930011004209518,0.5278655827045441,0.6589188516139984,0.19243155850563198,0.007930082222446799,0.10238882042467594,0.9999917268753051,0.036415113718248904,0.14506511464715005,0.07898502545431256,0.16210514008998872,0.4333817929029465,0.581266051530838,0.013938190648332238,0.9618903160095215,0.04612233499065042,0.5320823907852172,0.004219746717717498,0.2865942895412445,0.3978659689426422,0.07606949517503381,0.777198314666748,0.1704648330807686,-4.706867267808067,26.07034670017805,-5.7314257864848015,21.976897346930325,-1.6892998675261428,1.7315255264390845,3.129247186260252,95.51346651743346,-5.003203436721609,2.6208646919507124,30.360604885614578,70.6863125242342,16.38231872818922,60.85692128732067,63.80379992245056,21.98526560682435,75.43621558743699,1.8030244280728964,29.003489724699495,77.62698720434277,49.74796432725863,71.61690577743312,95.96742923613803,68.86390073671966,86.73904614191547,37.18495540907328,66.88639007367196,53.89685924777045,85.45948041876696,57.46413338503296,10.314075222954633,20.822024040325708,97.16944552151996,79.4881737107406,89.68592477704536,68.12718107793718,81.46568437378829,96.89802248933695,95.92865451725474,66.26599457153935,84.25746413338503,41.3726250484684,85.53702985653354,43.039937960449784,94.37766576192323,81.7371074059713,71.81077937184955,81.50445909267158,39.20124079100427,67.15781310585498,39.47266382318728,21.093447072508724,68.74757658006979,97.75106630476928,11.244668476153548,83.4044203179527,83.55951919348584,14.152772392400156,58.355951919348584,0.5204955044482369
29,generated_from_refactor.sdf_75,CCCC(=O)C1c2ccccc2C2C3CC(N)=CC1C32,generated_from_refactor.sdf,267.37199999999996,3.3451000000000013,2,1,4.0,0.9123326801152717,5,43.09,0.14574404954910278,0.982615876197815,0.9465502858161926,0.08818374685943127,0.784895384311676,0.32706413567066195,0.20337325483560562,0.4438280791044235,0.4895486295223236,0.707144820690155,0.5806813478469849,0.08284577131271362,0.0865931674838066,0.11039412021636963,0.9999962568283081,0.01053523134905845,0.07055313065648079,0.126431442797184,0.042545999540016054,0.02822178304195404,0.17960537746548652,0.005912622826872394,0.9753381609916687,0.2152167722582817,0.1725533239543438,0.00767784322379157,0.05758890137076378,0.12134525626897812,0.01126304038334638,0.4056160643696785,0.3199979156255722,-4.644316734839376,74.63673309489624,3.886299914856214,-0.06691955716388734,-6.6708563965908425,3.047118163942366,2.584018321637175,76.98413321394766,-3.6905963620854356,-0.4679210376747811,31.795269484296238,66.88639007367196,16.38231872818922,36.68088406359054,63.80379992245056,99.72857696781698,83.96665374176037,25.24234199302055,43.23381155486623,87.47576580069794,88.290034897247,58.66614967041489,94.02869329197362,81.19426134160527,76.2310973245444,82.97789841023652,85.26560682435053,74.13726250484683,83.24932144241954,32.18301667312912,47.731678945327644,21.907716169057775,98.48778596355176,49.554090732842184,81.38813493602171,74.95153160139589,58.16207832493214,63.24156649864288,76.851492826677,53.005040713454825,90.15122140364483,62.31097324544397,57.23148507173323,51.958123303606044,77.04536642109345,66.22721985265606,39.937960449786736,47.92555253974409,52.384645211322216,71.19038386971694,79.87592089957347,33.26870880186119,37.02985653354013,78.09228383094222,81.0779371849554,72.004652966266,52.268321054672356,37.727801473439314,32.68708801861187,0.5190853782819291
30,generated_from_refactor.sdf_23,Oc1cccc2ccccc12,generated_from_refactor.sdf,144.17299999999997,2.5454000000000008,1,1,4.0,0.6020160700037417,0,20.23,0.34381096065044403,0.5208946108818054,0.5942561089992523,0.9718001246452331,0.3523498088121414,0.25854216814041137,0.27052821666002275,0.3336337685585022,0.1080102875828743,0.49813209772109984,0.060203253850340845,0.12046844735741616,0.0033894915832206607,0.759443461894989,0.9999696493148804,0.00527661603409797,0.025512363761663437,0.5452642500400543,0.03483542278409004,0.321401384472847,0.45598331093788147,0.045204782485961915,0.8743586540222168,0.02262345403432846,0.7251108884811401,0.06500535756349564,0.06765717118978501,0.7666013240814209,0.13048783540725709,0.9066635370254517,0.26852074861526487,-4.624759781647905,119.4149579119857,70.09510313250576,-9.57427378908828,-7.569915284150392,2.136605550860337,3.2554899214234205,88.37701013722906,-2.46029988963179,0.7314029591182949,8.414113997673518,53.78053509112059,6.649864288483908,36.68088406359054,63.80379992245056,60.83753392787902,22.489336952307095,9.732454439705311,70.84141139976735,32.14424195424583,25.087243117487397,98.13881349360217,75.99844901124467,72.15975184179915,80.84528887165568,76.73516867002714,63.47421481194261,51.06630476929042,49.437766576192324,43.11748739821636,6.475378053509112,68.43737882900349,92.32260566110895,32.80341217526173,52.30709577355564,93.60217138425746,55.21519968980225,95.85110507948818,94.02869329197362,82.31872818922062,62.582396277626984,33.07483520744474,93.7960449786739,82.97789841023652,79.44939899185731,94.18379216750678,78.94532764637457,93.75727025979062,48.58472276075998,72.23730127956573,95.15316013958899,87.32066692516479,19.775106630476927,70.22101589763474,26.793330748352073,85.80845288871656,70.33734005428461,61.61302830554478,42.76851492826677,0.5183881060357914
31,generated_from_refactor.sdf_62,COC1=Nc2cnccc2C2=C3C(C=CC=C2)C13,generated_from_refactor.sdf,236.274,2.8972000000000016,3,0,4.0,0.6937805001363541,2,34.480000000000004,0.4307713031768799,0.9908431053161622,0.9091262698173523,0.9743022680282593,0.6483802676200867,0.21950314640998841,0.24296895861625672,0.17526568919420243,0.3096212953329086,0.42368491888046267,0.890499746799469,0.006919133104383945,0.03140527084469795,0.7864321589469909,0.9999998092651368,0.004250538459746167,0.008906613499857486,0.7225593090057373,0.10323432087898254,0.006961651379242539,0.06280796863138675,0.008190447976812721,0.9863246083259583,0.2335243433713913,0.37966548800468447,0.08494075164198875,0.18782977312803267,0.16903570666909218,0.09854981526732445,0.7072050213813782,0.17793704122304915,-4.254117542974333,32.2007567812653,44.941114190275876,-48.52202546329664,-8.40152889011841,2.9487152382254207,2.1340873462648204,79.08371547423619,-2.935161211711952,-7.13384076170648,23.61380379992245,60.33346258239628,31.17487398216363,11.768127181077936,63.80379992245056,73.9433889104304,68.86390073671966,17.875145405195813,78.24738270647538,92.05118262892594,76.26987204342768,98.33268708801862,89.2206281504459,65.87824738270648,79.139201240791,62.81504459092672,78.98410236525785,44.16440480806514,94.68786351298952,2.3264831329972857,26.987204342768514,70.3761147731679,100.0,28.73206669251648,22.683210546723537,96.85924777045366,73.63319115936409,27.762698720434276,34.858472276076,58.04575416828228,95.30825901512213,63.31911593640946,76.580069794494,86.46762310973246,91.58588600232648,70.53121364870104,75.33927879022878,76.77394338891042,40.13183404420318,93.1756494765413,46.14191547111283,74.44746025591314,0.7754943776657619,62.388522683210546,76.50252035672742,62.89259402869329,55.60294687863513,51.99689802248933,4.110120201628538,0.5170550616293687
32,generated_from_refactor.sdf_21,CC(C)=COC1=CCC2=C=C3C(=CCCC3C3CC4C(NC=N)CC43O)C3C=C(O)CCC3C2C1,generated_from_refactor.sdf,474.6450000000002,5.826570000000006,4,4,3.0,0.1748670499020467,8,85.57000000000001,0.27198428362607957,0.3286686636507511,0.5225230991840363,0.016802894603461026,0.3603894472122192,0.08756123036146164,0.13913984596729279,0.16091570109128953,0.24607232809066773,0.8415110826492309,0.644344711303711,0.18239506408572198,0.10551805794239044,0.15569631159305572,0.9932119607925415,0.03810684699565172,0.0724026881158352,0.04002506695687771,0.059778863377869126,0.11360970064997673,0.3889704167842865,0.020678742788732052,0.5806793510913849,0.8334845781326294,0.6498675584793091,0.03983399607241154,0.48837395310401915,0.36637806296348574,0.186452516913414,0.26801356226205825,0.3878360837697983,-5.653041256179183,30.326336206825808,38.204425858349,6.585493640443346,-7.929088200341553,4.593600747358634,2.526267783850755,91.54617835955337,-3.6593142181515574,1.4987639242977786,79.1004265219077,93.36952307095774,46.47150058162078,86.02171384257464,20.918960837533927,10.58549825513765,91.97363319115937,57.85188057386584,63.125242341993015,19.968980224893368,20.70569988367584,39.20124079100427,76.61884451337727,31.872818922062812,70.6863125242342,60.566110895696006,76.15354788677782,93.95114385420706,84.76153547886777,55.48662272198526,52.30709577355564,28.30554478480031,45.327646374563784,80.49631640170608,81.89220628150446,57.3090345094998,64.55990694067468,89.06552927491275,92.5164792555254,71.84955409073284,38.1155486622722,89.45327646374564,90.61651803024428,77.43311360992632,96.97557192710353,80.61264055835595,84.41256300891818,30.981000387747187,57.85188057386584,19.464908879410622,44.55215199689802,69.3679720822024,48.817371074059714,66.92516479255525,99.61225281116711,70.88018611865064,76.38619620007755,38.154323381155486,49.94183792167507,0.5114582661249176
33,generated_from_refactor.sdf_64,C=C1OCCCC2C3=C(O)CC4=C(C=C3CC12)C4(C)O,generated_from_refactor.sdf,272.34399999999994,3.1500000000000017,3,2,4.0,0.7119221541109493,3,49.69,0.31398342549800873,0.8494832754135132,0.8360965609550476,0.15105067417025567,0.612967437505722,0.15768714994192123,0.2689519703388214,0.1807677701115608,0.09433173462748527,0.6086623787879943,0.36128843724727633,0.044788146018981935,0.09106253534555435,0.18746491894125938,0.9999910116195678,0.008825635118409992,0.08244860023260117,0.1114013459533453,0.14080048240721227,0.03338009249418974,0.2679857790470123,0.017242510430514814,0.9406292915344239,0.20975933969020844,0.3839017957448959,0.026780940406024457,0.1841776967048645,0.2020789325237274,0.07305069454014301,0.5349423825740814,0.17047580033540727,-4.885489662774685,39.81587292447155,15.43672858802027,1.4036027794719623,-8.930878265879183,3.16176716681368,1.945365532654661,79.10788401474527,-2.900330029858404,3.6261860277850437,32.72586273749515,63.93951143854207,31.17487398216363,60.85692128732067,63.80379992245056,76.65761923226056,75.43621558743699,30.341217526172933,67.3904614191547,61.380379992245054,57.92943001163241,66.22721985265606,88.290034897247,52.423419930205505,80.72896471500582,63.70686312524234,61.186506397828616,61.45792943001163,74.64133385032959,18.262892594028692,48.894920511826285,31.678945327646375,97.16944552151996,44.51337727801473,84.14113997673516,73.32299340829779,79.4881737107406,67.50678557580457,86.27374951531601,69.17409848778595,76.81271810779371,62.15587436991082,77.04536642109345,72.46994959286545,91.46956184567662,73.01279565723148,71.15160915083365,61.225281116711905,39.20124079100427,56.029468786351295,53.509112058937575,46.99495928654517,39.89918573090345,57.42535866614967,85.57580457541683,59.09267157813106,55.60294687863513,52.73361768127181,65.68437378829003,0.509941297247475
34,generated_from_refactor.sdf_6,CCC(C1CO1)C1SC1CCCC1CC1(C(C)CC)C1C2CC21,generated_from_refactor.sdf,334.5690000000001,5.384000000000006,2,0,3.0,0.4970533397763165,9,12.53,0.25684008598327634,0.9932976961135864,0.8899404644966126,0.02598602934740484,0.9222095012664795,0.14632612019777297,0.5239225506782532,0.13482828326523305,0.4496877819299698,0.6001976281404495,0.7003936111927033,0.08002491667866707,0.06809072457253933,0.14837626814842225,0.9999988317489624,0.0003561501423973823,0.007936216611415147,0.08983123302459717,0.10461803413927555,0.01786547228693962,0.1013160690665245,0.0061405927408486605,0.982086443901062,0.5671258926391601,0.25598891377449035,0.0016108668816741556,0.12187016829848289,0.38743158578872683,0.004961716895923019,0.6845888912677764,0.7447310328483582,-5.36907364403664,102.24984945006761,72.23741763006561,14.28580492703848,-0.8063141271557551,1.9984065139649136,4.471188525197627,102.36412943409803,-6.474701942890867,6.974658442290436,50.25203567274137,91.12058937572702,16.38231872818922,11.768127181077936,20.918960837533927,46.568437378829,93.95114385420706,7.599844901124467,61.341605273361765,94.02869329197362,70.33734005428461,44.31950368359829,97.28576967816983,49.67041488949205,90.84916634354401,56.57231485071733,84.41256300891818,60.79875920899573,87.35944164404808,30.981000387747187,42.72974020938348,27.21985265606824,99.68980224893369,5.040713454827452,20.628150445909267,69.83326870880185,73.74951531601396,49.980612640558356,56.26211709965103,53.81930981000387,92.90422644435827,78.36370686312524,67.00271423032183,29.740209383481968,86.89414501744862,81.27181077937185,28.189220628150444,74.2535866614967,74.68010856921288,28.344319503683597,90.8879410624273,88.05738658394726,60.52733617681272,98.91430787126794,19.697557192710352,98.13881349360217,93.8348196975572,2.6754556029468786,83.79216750678557,0.508091643374519
35,generated_from_refactor.sdf_31,CCCCCCC12C(CC)C1CC21CC1(C)CCCC=O,generated_from_refactor.sdf,290.491,5.768500000000006,1,0,3.0,0.3686129430992154,5,17.07,0.0844170656055212,0.99152672290802,0.7167716562747956,0.08723117131739855,0.21347260475158691,0.3123858705163002,0.08238350227475166,0.3527968719601631,0.29127504378557206,0.7388834118843078,0.15066596120595932,0.16844513565301894,0.038080287910997865,0.03718485794961453,0.9999231100082397,0.006794278416782618,0.07004597093909978,0.004086747299879789,0.10387702099978924,0.05247620549052954,0.18053410947322845,0.009647798072546721,0.9800557374954224,0.5304902970790863,0.16763341277837754,0.002347286124131642,0.030469395592808722,0.333051435649395,0.031171298399567605,0.7707767486572266,0.8018448114395141,-4.653533309408114,114.02718629942531,76.96727805786146,40.039867820810045,0.30264717202576585,1.5290793159536622,4.34720748670515,101.30746566342512,-6.270265317907873,10.773251491702116,37.88290034897247,93.09810003877472,6.649864288483908,11.768127181077936,20.918960837533927,30.011632415664984,83.96665374176037,8.47227607599845,29.778984102365257,92.67157813105855,38.774718883288095,58.47227607599845,65.06397828615742,79.60449786739046,62.23342380767739,77.78208607987592,78.32493214424196,78.8290034897247,61.72935246219465,52.7723924001551,31.097324544397054,9.7712291585886,86.77782086079876,38.69716944552152,81.23303606048856,22.721985265606826,73.71074059713067,77.89841023652578,76.92904226444358,60.604885614579295,92.20628150445908,76.69639395114385,56.41721597518418,34.39317564947654,65.91702210158977,79.60449786739046,56.72741372625048,81.00038774718882,78.48003101977511,70.45366421093446,94.06746801085691,89.80224893369522,82.55137650252036,99.49592865451726,6.940674680108569,97.51841799146956,92.74912756882512,3.5284994183792167,92.28383094222566,0.4941565188951209
36,generated_from_refactor.sdf_52,C=CC(O)c1cc2cc(c1)C(C)CNC(=O)NC(=O)C1OCc3ccc(cc31)O2,generated_from_refactor.sdf,394.4270000000002,3.2125000000000012,5,3,4.0,0.6798836071505409,3,96.89000000000001,0.1509035900235176,0.7648486495018005,0.9018783330917358,0.09652033485472203,0.25775262266397475,0.547839343547821,0.20793332457542418,0.16530235558748246,0.05071051381528378,0.42035013139247895,0.41418961584568026,0.3042661130428314,0.2985297292470932,0.8694159984588623,0.997452974319458,0.009928254666738212,0.18197330534458162,0.049676403496414424,0.014907179912552238,0.005305860796943307,0.13415612727403642,0.026501921750605107,0.5981129944324494,0.5570484220981597,0.09487219080328942,0.00533403716981411,0.011683693807572126,0.10541527569293976,0.04265807457268238,0.10180937349796296,0.31882215440273287,-4.996345582841973,0.06129116390216396,25.23715184738554,42.347138060918795,-12.182809791633002,3.1097102352055224,2.2856306121042635,96.16278094131778,-4.652683423636994,1.5602308555055198,64.24970918960837,64.98642884839084,59.1120589375727,77.25862737495153,63.80379992245056,71.61690577743312,75.43621558743699,65.49050019387359,44.16440480806514,52.57851880573865,73.67196587824738,59.5967429236138,69.25164792555253,95.23070957735555,76.50252035672742,61.225281116711905,50.67855758045754,43.93175649476541,77.00659170221016,72.85769678169834,76.1923226056611,78.05350911205893,55.56417215975184,47.654129507561066,91.5083365645599,60.83753392787902,42.846064366033346,23.18728189220628,66.65374176037224,75.5719271035285,39.395114385420705,78.01473439317564,42.80728964715006,46.568437378829,46.68476153547887,64.40480806514152,62.62117099651027,5.854982551376502,52.268321054672356,49.12756882512602,15.122140364482357,57.38658394726638,83.79216750678557,26.560682435052346,83.4044203179527,66.03334625823963,84.76153547886777,19.50368359829391,50.25203567274137,0.49393840367044367
37,generated_from_refactor.sdf_81,CC1CCCC(CC(=O)C2C(O)COC3(C)CC2C(O)C2(C)OC2(C)CCCCCCC2OC23)CCC(=O)N1,generated_from_refactor.sdf,549.7490000000005,3.833000000000002,7,3,3.0,0.45763925743964573,11,120.92000000000002,0.13584468234330416,0.4990148663520813,0.7454383850097657,0.000977286979468772,0.13098205849528313,0.06049927119165659,0.06289815045893192,0.04919742196798325,0.006081219320185483,0.8382503509521484,0.599882972240448,0.07183202430605888,0.10147885233163834,0.6053282141685485,0.9966632843017578,0.018098588031716645,0.08591608107089996,0.0163246089592576,0.04493603073060513,0.012751512322574854,0.09117172062397003,0.03910718970000744,0.7824395537376404,0.7804540753364563,0.42030107975006104,0.03518991591408849,0.06485378742218018,0.21282259821891786,0.12829850241541862,0.07743711825460195,0.23185213655233383,-5.185852310657546,75.63593578762735,70.53853879028084,47.348928114502144,-9.190932772068017,4.699942476947586,2.6975226468387676,85.71811300477904,-4.156365267312649,4.666894258143154,85.76967816983327,74.68010856921288,77.35556417215975,77.25862737495153,20.918960837533927,41.91547111283443,96.47150058162077,78.44125630089182,41.178751454051955,30.593253198914308,42.18689414501745,11.012020162853819,54.245831717720044,21.868941450174486,57.3090345094998,32.95851105079488,19.34858472276076,93.52462194649088,83.75339278790229,28.576967816983327,51.337727801473434,60.06203955021326,52.69484296238852,64.40480806514152,84.6839860411012,43.38891043039938,58.937572702597905,41.87669639395114,51.337727801473434,80.57386583947266,52.50096936797208,87.32066692516479,79.17797595967428,76.07599844901124,78.79022877084141,73.63319115936409,78.67390461419154,2.830554478480031,45.56029468786351,37.49515316013959,80.34121752617293,87.32066692516479,86.42884839084917,55.06010081426909,99.84490112446684,73.98216362931369,64.98642884839084,28.538193098100038,72.6250484683986,0.4930311539534437
38,generated_from_refactor.sdf_57,O=C1N=C2CCCCC2=C1C1CCCC1,generated_from_refactor.sdf,203.28499999999994,3.0284000000000013,1,0,4.0,0.6437488599342515,0,29.43,0.22344197779893876,0.9960887908935547,0.8886362075805664,0.7757258117198944,0.8477892279624939,0.5977855563163758,0.4347995638847351,0.25536992251873014,0.07658464908599853,0.6875885844230651,0.2856277093291283,0.1078440211713314,0.023793048970401288,0.5282862484455109,0.9999960899353028,0.0013998700480442495,0.018663486186414956,0.114105268381536,0.04694899101741612,0.009665573574602604,0.0838249921798706,0.010309205763041973,0.991129207611084,0.0452505961060524,0.15913249254226686,0.010622965032234788,0.0953293800354004,0.30444957315921783,0.013349528610706329,0.8398652911186218,0.2084708496928215,-4.087723162289954,36.713378910368306,43.19576094906299,3.6442504913353075,-4.346159672823347,1.8944166095975414,3.003414110008603,72.54254179468583,-3.7618413915223528,1.2979701216821196,17.952694842962387,62.07832493214424,6.649864288483908,11.768127181077936,63.80379992245056,66.07212097712292,22.489336952307095,14.424195424583171,55.951919348584724,96.35517642497092,69.91081814656843,91.62466072120976,95.61845676618844,96.70414889492051,88.09616130283055,71.07405971306707,57.54168282279953,71.46180690189996,71.46180690189996,40.09305932531989,21.752617293524622,55.447848003101974,98.44901124466847,13.338503295851105,42.6521907716169,73.63319115936409,59.67429236138038,35.246219464908876,47.576580069794495,61.380379992245054,98.17758821248546,41.217526172935244,55.447848003101974,56.68863900736719,84.21868941450174,78.1698332687088,42.846064366033346,88.13493602171384,43.27258627374951,97.44086855370298,50.562233423807676,73.43931756494766,43.69910818146568,91.35323768902676,15.897634742148119,80.84528887165568,46.72353625436215,36.448235750290806,47.692904226444355,0.4916777913068679
39,generated_from_refactor.sdf_46,C1=CCCc2ccc3c(c2)C(CC=C1)N=C3,generated_from_refactor.sdf,209.292,3.608900000000003,1,0,4.0,0.6186596952624936,1,12.36,0.4973543226718903,0.9920873641967773,0.9145678043365478,0.9167391657829285,0.8799122214317322,0.19097585827112198,0.21084620729088782,0.23746113777160643,0.42353259325027465,0.3369512647390366,0.5802713394165039,0.09640066735446454,0.0369645856320858,0.2466755762696266,0.9999987840652466,0.0018213238749012818,0.02002581423148513,0.1555245503783226,0.07092553861439228,0.008884557150304317,0.12348606064915657,0.0026193747529760004,0.9744070291519165,0.1595078282058239,0.18796834945678711,0.010832219501025975,0.09280647821724415,0.24710456430912017,0.010582766286097467,0.8963805198669433,0.31043494343757627,-4.433918569024592,63.52343954958896,23.980499436294632,-18.950463202838687,-4.491999833896446,2.375599834134042,3.22613870709119,83.80839945540552,-4.217167174920803,-1.560092542907748,18.8832880961613,71.3454827452501,6.649864288483908,11.768127181077936,63.80379992245056,62.93136874757658,54.80806514152772,6.785575804575417,82.51260178363707,92.94300116324156,78.48003101977511,95.81233036060489,96.27762698720434,60.139588987979835,76.77394338891042,69.83326870880185,83.52074447460255,35.36254362155874,83.24932144241954,36.21558743699108,30.476929042264445,36.29313687475766,99.6510275300504,15.70376114773168,44.78480031019775,78.13105854982551,66.84761535478867,33.15238464521132,64.44358278402481,39.12369135323769,89.8797983714618,58.04575416828228,59.67429236138038,56.88251260178364,83.94726638231873,75.61070182241178,38.69716944552152,92.98177588212485,51.49282667700659,84.49011244668476,72.81892206281505,56.61108956960062,8.918185343156262,91.00426521907715,40.28693291973633,85.45948041876696,61.806901899961225,27.142303218301667,24.466847615354787,0.49163064730317135
40,generated_from_refactor.sdf_88,CC1=C(C(=O)O)CC=CC1C1C=C2C(=N1)CCCC2C12CC=CC13CC32,generated_from_refactor.sdf,347.4580000000001,4.479500000000004,2,1,4.0,0.7653689772959102,6,49.66,0.039117363095283506,0.868787407875061,0.8285047173500061,0.009946148446761071,0.4960490107536316,0.4074861168861389,0.15181131884455681,0.050837618112564084,0.2955597132444382,0.7789826154708862,0.22235867232084275,0.11628163680434227,0.18045154511928557,0.27042797952890396,0.9997995495796204,0.008087854576297104,0.17350864708423613,0.0489247027784586,0.040109236538410184,0.03501710630953312,0.23901323676109315,0.1398750752210617,0.8707490682601928,0.2063964292407036,0.6493736922740936,0.005134324356913566,0.14548746570944787,0.07257824763655663,0.012443501595407724,0.5673588871955871,0.09740399196743965,-5.138003254732029,-0.05170924597214821,3.44777781846656,-32.40933972839315,-5.8486654058428815,3.145717894065467,2.3075111802490627,102.68347050564572,-4.889484820487143,-3.8891671790747693,52.966265994571536,83.83094222566886,16.38231872818922,36.68088406359054,63.80379992245056,83.98604110120202,87.12679333074836,30.283055447848003,15.781310585498254,63.39666537417604,55.71927103528499,33.77278014734393,83.79216750678557,87.86351298953082,71.88832880961613,33.85032958511051,78.40248158200853,84.91663435440093,67.7782086079876,42.303218301667314,63.93951143854207,38.154323381155486,80.84528887165568,42.57464133385033,91.12058937572702,60.64366033346258,57.153935633966654,68.59247770453663,83.98604110120202,93.36952307095774,62.11709965102753,61.884451337727796,90.57774331136099,45.948041876696394,88.9492051182629,58.976347421481194,41.721597518417994,63.745637844125625,29.623885226832105,40.36448235750291,15.005816207832492,32.64831329972858,2.7142303218301667,83.714618069019,84.9941837921675,66.57619232260566,94.37766576192323,15.66498642884839,12.44668476153548,0.4864116874561679
41,generated_from_refactor.sdf_72,Cc1cccc(NC(=O)C2CCC3=CC=CCN32)n1,generated_from_refactor.sdf,255.321,2.24662,3,1,4.0,0.8812174995449374,1,45.230000000000004,0.3169460669159889,0.9838778257369996,0.9107101082801818,0.2630221098661423,0.36505337357521056,0.1741932675242424,0.08755007274448871,0.1927269548177719,0.03828431740403175,0.6585065245628356,0.10157540962100028,0.05334064252674579,0.15737678110599518,0.49243867993354795,0.9999709606170655,0.02238900847733021,0.05726738385856152,0.16668194979429246,0.05260669067502022,0.009383955737575889,0.21466051340103148,0.0033833724854048343,0.971257209777832,0.07389938645064831,0.36112367510795595,0.013865449279546738,0.03271210640668869,0.01915193786844611,0.03385683838278055,0.5136775195598602,0.28523684442043307,-4.691942617104763,54.97455534174414,57.956413186898544,-6.667849945923017,-12.136476896993766,3.0011746635486434,2.053816581461216,64.51691264380659,-2.1522665575162763,-1.6006055547667057,28.538193098100038,49.08879410624273,31.17487398216363,36.68088406359054,63.80379992245056,97.94493989918573,54.80806514152772,26.754556029468787,67.85575804575417,88.17371074059713,76.851492826677,73.90461419154711,76.77394338891042,56.37844125630089,63.28034121752617,65.141527723924,46.568437378829,68.12718107793718,55.60294687863513,21.32609538580845,61.26405583559519,53.470337340054286,92.47770453664211,69.32919736331911,76.580069794494,78.98410236525785,61.962000775494374,34.39317564947654,81.62078324932143,43.54400930593253,88.01861186506397,47.537805350911206,75.37805350911205,61.69057774331136,67.27413726250485,41.062427297402095,58.58860023264831,59.2865451725475,49.86428848390849,67.93330748352074,66.22721985265606,81.85343156262117,24.62194649088794,26.87088018611865,78.67390461419154,61.03140752229546,36.75843350135712,66.7700659170221,24.23419930205506,0.4792307420243692
42,generated_from_refactor.sdf_50,CC1(C)C=CC2=C3C4C=CC=CC=C4C(NNC4C5(O)NC45O)=NC3C3CCCCC3N2C1,generated_from_refactor.sdf,447.58300000000025,1.6169999999999993,7,5,4.0,0.32574159475699754,6,102.06,0.47693649530410764,0.5574001878499985,0.6686576843261719,0.0020455964953725926,0.3474755436182022,0.11119770184159279,0.10573283936828375,0.128059034794569,0.22677583303302526,0.643809187412262,0.4744358718395233,0.1796872578561306,0.34493938088417053,0.3337876409292221,0.9775765776634217,0.0025754300237167626,0.008708637580275536,0.059624630212783816,0.07763018943369389,0.017966107930988073,0.11015840917825699,0.008029457891825586,0.6171009182929993,0.4832871615886688,0.4189867556095123,0.017791590187698603,0.09489389657974243,0.17393687143921852,0.016222822852432726,0.5379713773727417,0.5647028803825378,-6.118158620672821,5.226951042981418,48.10078367409282,-0.18991473054416447,-8.933093145069167,4.090067917055837,2.615470531812536,95.47417629578034,-3.684276118852477,-5.5171400328687135,74.9127568825126,40.558355951919346,77.35556417215975,90.75222954633578,63.80379992245056,24.350523458704924,87.12679333074836,68.82512601783637,81.00038774718882,34.1993020550601,31.75649476541295,16.9445521519969,75.8821248545948,39.20124079100427,66.53741760372237,55.292749127568825,75.30050407134549,66.26599457153935,79.06165180302443,54.94377665761923,79.37184955409073,42.61341605273362,35.36254362155874,20.046529662659946,22.295463357890654,63.784412563008914,68.82512601783637,50.135711516091504,60.178363706863124,57.54168282279953,40.51958123303606,74.87398216362931,79.1004265219077,66.03334625823963,84.14113997673516,71.0352849941838,45.5990694067468,61.45792943001163,67.19658782473827,10.275300504071346,18.99961225281117,76.11477316789453,36.56455990694067,57.34780922838309,98.0612640558356,72.54749903063203,83.52074447460255,37.80535091120589,7.1345482745250095,0.4788309222800616
43,generated_from_refactor.sdf_83,C=C(CCCC(=C)C(=O)F)NC1c2cnc(CO)c3c2N(C=C(O)CCC3)C(=O)C1OC,generated_from_refactor.sdf,445.4910000000003,3.0382000000000016,7,3,4.0,0.39562989678975446,2,111.99,0.4972811847925186,0.5853938698768616,0.64929358959198,0.0068754676263779405,0.13446205109357834,0.08772064372897148,0.18942180871963502,0.022608106769621373,0.02909654565155506,0.5651636242866516,0.4240161657333374,0.23288860470056533,0.1932933360338211,0.735893726348877,0.9947942852973938,0.03125222623348236,0.036129271239042283,0.021342046558856964,0.06249749884009361,0.006916932156309485,0.05290974751114845,0.01680481880903244,0.7048754334449768,0.5845017015933991,0.20035553872585296,0.011020079534500838,0.042799365147948264,0.1733199715614319,0.17050227373838425,0.1890117943286896,0.3325535625219345,-5.096586152786274,21.086537337142534,38.12537970150585,81.0403372910362,-11.33095106996337,3.2183736088320023,1.2375489016142385,67.93283896110297,-3.043231288031028,7.407119570642445,74.56378441256301,62.34974796432726,77.35556417215975,77.25862737495153,63.80379992245056,33.26870880186119,68.86390073671966,73.9433889104304,82.51260178363707,36.370686312524235,29.9728576967817,29.158588600232648,54.63357890655293,31.98914307871268,75.30050407134549,16.47925552539744,41.682822799534705,57.03761147731679,77.23924001550989,63.590538968592476,65.4517254749903,67.00271423032183,48.158200853043816,77.12291585886003,64.09461031407523,48.196975571927105,65.10275300504071,27.568825126017835,28.30554478480031,68.86390073671966,46.80108569212873,79.21675067855757,61.380379992245054,57.153935633966654,72.35362543621558,70.95773555641722,83.13299728576968,18.844513377278012,53.470337340054286,42.76851492826677,33.73400542846064,69.32919736331911,93.67972082202404,33.15238464521132,87.08801861186507,46.06436603334626,40.94610314075223,49.86428848390849,85.18805738658395,0.47534194506015204
44,generated_from_refactor.sdf_42,CCC1C(=O)NC(C)CCC2CCC(O2)C(C)C(O)(CC=O)C(O)(F)C2(C34CC3C4)OC2C1=O,generated_from_refactor.sdf,481.56100000000026,1.5896999999999997,7,3,4.0,0.31630327107528833,9,125.46000000000001,0.6932406723499298,0.9374205470085144,0.9284304022789002,0.0003547704436641652,0.024137059412896632,0.020374790159985424,0.010414380906149745,0.005840999446809292,0.0006778515889891423,0.6751008093357086,0.062156479060649875,0.15083761066198348,0.09765933528542518,0.5443134933710099,0.9988543748855591,0.1127216387540102,0.718034279346466,0.0012296173663344234,0.11792103201150894,0.0066729789599776265,0.10871080905199051,0.02624591998755932,0.7804276943206787,0.0658885482698679,0.09671059772372245,0.045635956525802615,0.006237203092314303,0.22759971171617507,0.14809511378407478,0.09804755430668592,0.12963854037225248,-5.331096541507265,58.214869580755376,40.94804599713889,8.299567760968019,-8.599740149999537,4.439299470559229,1.553164639891278,72.85921968571782,-4.395558151154656,5.149298801907554,79.87592089957347,40.13183404420318,77.35556417215975,77.25862737495153,63.80379992245056,23.41993020550601,93.95114385420706,79.7595967429236,91.89608375339279,73.74951531601396,82.70647537805351,6.397828615742536,27.374951531601397,7.250872431174874,30.283055447848003,1.3958898797983714,5.118262892594029,69.87204342768514,49.67041488949205,49.16634354400931,50.7948817371074,56.26211709965103,64.8313299728577,91.23691353237689,95.23070957735555,10.895696006203956,75.99844901124467,26.948429623885225,59.364094610314076,75.45560294687863,52.384645211322216,46.60721209771229,43.19503683598294,79.21675067855757,34.81969755719271,74.40868553702985,80.69018999612253,5.350911205893757,33.96665374176037,30.12795657231485,69.25164792555253,71.65568049631639,51.764249709189606,60.2559131446297,99.37960449786739,51.41527723924001,47.03373400542846,24.19542458317177,75.5719271035285,0.47360156831186484
45,generated_from_refactor.sdf_39,CNc1c(O)ccc2cnccc12,generated_from_refactor.sdf,174.20299999999997,1.9820999999999998,3,2,4.0,0.6496160212225079,0,45.15,0.4106493353843689,0.45195770263671875,0.6342827677726746,0.9019067049026489,0.14699284099042415,0.11588575690984726,0.07816930366680026,0.3255945026874542,0.2756918497383595,0.3803001523017883,0.6674975574016571,0.0341356304474175,0.00481345821171999,0.7366119623184204,0.9999894380569458,0.007533710147254169,0.009503702446818352,0.8904194355010986,0.06265876740217209,0.030714646354317664,0.05006220042705536,0.004762742714956403,0.6179086089134216,0.010053426586091518,0.5104697227478028,0.030865541100502013,0.13901651948690413,0.38990157246589663,0.2839879184961319,0.8273313283920288,0.28545157313346864,-4.756063643025345,89.65524558701627,44.23192838162974,22.582670141742245,-12.241899048093595,2.3193365010839813,1.5880466670844589,64.96296879172935,-2.1591447538981883,-3.2425734192160363,13.299728576967816,45.36642109344707,31.17487398216363,60.85692128732067,63.80379992245056,66.80884063590538,22.489336952307095,26.67700659170221,77.04536642109345,27.646374563784413,28.770841411399765,95.23070957735555,56.494765412950755,41.023652578518806,61.53547886777821,76.26987204342768,77.54943776657619,39.89918573090345,85.84722760759985,14.385420705699882,8.259015122140365,67.00271423032183,96.58782473827064,41.023652578518806,23.924001550988756,98.91430787126794,65.141527723924,65.29662659945716,26.7157813105855,49.8255137650252,40.51958123303606,22.99340829778984,84.17991469561845,74.13726250484683,88.67778208607987,81.34936021713843,89.72469949592865,86.54517254749902,49.86428848390849,64.32725862737495,86.6227219852656,73.90461419154711,69.21287320666924,26.09538580845289,36.991081814656845,52.19077161690578,37.107405971306704,66.61496704148895,15.393563396665375,0.4679707006418453
46,generated_from_refactor.sdf_33,C#CC1C(=O)C2C(=O)N(CC)C3CC(=N)CCC3N2c2ccccc21,generated_from_refactor.sdf,335.40700000000004,1.964069999999999,4,1,4.0,0.6302435406462215,4,64.47,0.19068556725978852,0.9103687167167663,0.888860023021698,0.011895725922659039,0.2550696149468422,0.6914598107337951,0.048803475126624106,0.282584074139595,0.027091446332633495,0.7100805044174194,0.43660441040992737,0.16075052842497825,0.16216515004634857,0.5125979244709015,0.9996326684951782,0.020380522403866053,0.12095161825418473,0.06085588745772839,0.010638594394549727,0.013117385329678655,0.1670252948999405,0.007962396834045649,0.8931279420852661,0.1664154589176178,0.14648201912641526,0.010208336473442613,0.004056104097981006,0.034164508990943435,0.017324934154748915,0.2136030413210392,0.09624724835157394,-4.7854605087309405,53.5353776255731,1.770969681144809,26.499906017325618,-9.427169667571441,2.978886096305485,1.5167900403827308,69.38875964110599,-3.8164880487015664,3.302547905546043,50.36835982939124,45.09499806126406,46.47150058162078,36.68088406359054,63.80379992245056,64.44358278402481,80.1085692128732,42.57464133385033,50.4846839860411,68.94145017448623,69.91081814656843,35.5176424970919,69.09654905001939,98.83675843350136,53.509112058937575,73.32299340829779,40.480806514152775,74.75765800697945,77.70453664210935,51.182628925940286,62.00077549437766,54.63357890655293,75.5719271035285,67.27413726250485,88.290034897247,64.21093447072508,38.65839472663823,42.419542458317174,74.09848778596356,57.38658394726638,65.95579682047305,58.66614967041489,53.31523846452113,55.83559519193486,26.793330748352073,49.16634354400931,46.568437378829,22.644435827840248,29.50756107018224,62.427297402093835,65.25785188057387,30.670802636680882,73.47809228383095,52.30709577355564,77.70453664210935,50.83365645599069,42.884839084916635,35.246219464908876,63.164017060876304,0.4677474324029534
47,generated_from_refactor.sdf_77,O=C1CCC23CC2C2=CC=CC(F)=C(C1F)C23,generated_from_refactor.sdf,234.24499999999998,3.0433000000000012,1,0,4.0,0.6292604625261329,4,17.07,0.28506447076797486,0.9981016159057617,0.9579804539680481,0.03858153629116714,0.6105419814586639,0.1783512517809868,0.07906987643800675,0.08015004685148597,0.010321811307221651,0.6656972169876099,0.2502925913780928,0.05887559615075588,0.059194468706846234,0.18551499620079995,0.9999995231628418,0.17990761995315552,0.4413650155067444,0.01602264589164406,0.07743986481800676,0.012514044996351004,0.20312194526195526,0.0024984338073409163,0.9795772671699524,0.10643310863524676,0.47528505325317383,0.009539586585015058,0.009694496635347605,0.06204248596914112,0.007964195756358095,0.49664072394371034,0.061372645758092405,-4.262984749936789,54.63023182714578,6.688063474930014,-22.689830048884964,-6.898925272223474,4.028174041364432,2.452513469061922,62.76595517158953,-2.609259265099731,-2.4596672108856366,23.226056611089568,62.388522683210546,6.649864288483908,11.768127181077936,63.80379992245056,64.40480806514152,80.1085692128732,8.47227607599845,64.63745637844126,98.13881349360217,92.20628150445908,49.08879410624273,88.17371074059713,57.19271035284994,61.768127181077936,43.35013571151609,25.552539744086854,68.7088018611865,69.25164792555253,23.342380767739435,40.24815820085304,31.562621170996508,99.92245056223342,92.90422644435827,94.61031407522296,43.19503683598294,68.78635129895308,41.33385032958511,80.37999224505621,38.58084528887166,91.97363319115937,52.384645211322216,82.43505234587049,54.59480418766964,43.27258627374951,56.494765412950755,34.35440093059325,57.42535866614967,23.575029081039162,92.86545172547498,65.99457153935634,36.71965878247383,6.7080263668088405,75.99844901124467,97.78984102365257,68.94145017448623,34.1993020550601,58.6273749515316,18.8832880961613,0.46327759692141873
48,generated_from_refactor.sdf_51,CCOC(OC1C2C3C2(COO)C2=CCC=C(F)C2C2(O)OC32C23CC24N(O)C143)C1=CCC=C(O)C1=O,generated_from_refactor.sdf,515.4900000000002,1.6679000000000002,10,4,3.0,0.1300833388326904,12,141.22000000000003,0.6517776370048523,0.901252019405365,0.84964439868927,0.0003272668377491073,0.04914930234663188,0.005408347788034007,0.012946032983018085,0.004981454956578091,0.005214729730505496,0.7693382740020752,0.22028112709522246,0.03999320548027754,0.12762152068316937,0.42410204708576205,0.9997297525405884,0.0646643090993166,0.5153332769870758,0.012837164127267897,0.3071399345993996,0.005274292011745274,0.07889292873442173,0.001385960151674226,0.7854791045188904,0.10615504309535026,0.2828316196799278,0.02799283736385405,0.002430061413906515,0.13416153211146592,0.08149009421467782,0.17207024693489076,0.16403882279992105,-5.869579769775696,58.73679087233737,51.642406180968315,-18.912080621678182,-9.697906138323422,5.192615484650711,1.504805501989364,80.63418764455264,-2.9897267610204006,9.667895389297433,83.01667312911981,40.90732842186894,88.9104303993796,86.02171384257464,20.918960837533927,7.212097712291586,96.85924777045366,83.01667312911981,90.42264443582783,67.62310973245444,60.64366033346258,5.9325319891430786,37.80535091120589,1.7836370686312524,34.121752617293524,1.0469174098487786,17.913920124079098,83.63706863125242,67.50678557580457,16.51803024428073,56.649864288483904,49.20511826289259,77.78208607987592,87.2818922062815,94.72663823187281,39.00736719658782,91.08181465684373,23.070957735556416,44.707250872431175,29.468786351298952,52.65606824350523,52.34587049243893,69.91081814656843,72.97402093834819,19.154711128344317,67.58433501357115,72.89647150058161,16.789453276463746,38.69716944552152,14.385420705699882,69.60062039550213,78.24738270647538,8.995734780922838,49.59286545172547,100.0,50.562233423807676,57.34780922838309,50.94998061264056,90.73284218689415,0.45884775898661995
49,generated_from_refactor.sdf_1,CC1=C(CC2(C)OC2c2ccc(N)cc2)C2C=C=CC(C(=O)O)CCCN2N1,generated_from_refactor.sdf,381.47600000000017,3.1576000000000013,5,3,4.0,0.4215964894911385,4,91.11999999999999,0.49669472873210907,0.6650677978992462,0.8594143986701965,0.009349538991227747,0.17910813093185424,0.13532266914844512,0.08810469843447208,0.08157989457249641,0.2785242319107056,0.44424585103988645,0.3788444012403488,0.3222977936267853,0.6487554430961608,0.5204811990261078,0.9639393925666809,0.005052733776392415,0.0444051243364811,0.19699805974960327,0.04423270225524902,0.03424038402736187,0.17508110255002976,0.03630572073161602,0.20525121688842773,0.07182504460215569,0.1976963073015213,0.012982810800895094,0.05772116929292679,0.01835633274167776,0.03569377679377794,0.41389975845813753,0.25606274604797363,-5.637913619774261,-7.831519534348179,-8.601898288882529,-3.334448459756902,-9.874923542713367,3.4358088075329554,0.6604588698479275,76.0353862689888,-2.946089275940657,2.131071925037179,60.87630864676231,64.09461031407523,59.1120589375727,77.25862737495153,63.80379992245056,36.56455990694067,80.1085692128732,61.65180302442807,82.3962776269872,43.58278402481582,62.34974796432726,32.99728576967817,60.604885614579295,46.60721209771229,63.43544009305933,43.85420705699884,77.70453664210935,46.29701434664599,75.68825126017836,74.56378441256301,95.92865451725474,54.98255137650252,32.299340829778984,32.06669251647926,69.91081814656843,81.50445909267158,58.6273749515316,68.0496316401706,75.84335013571152,79.60449786739046,20.395502132609536,47.30515703761148,60.99263280341217,60.604885614579295,77.04536642109345,40.51958123303606,59.32531989143079,49.08879410624273,47.576580069794495,19.852656068243505,10.740597130670803,17.913920124079098,30.51570376114773,47.537805350911206,91.46956184567662,36.71965878247383,50.639782861574254,51.88057386583947,55.02132609538581,0.45430977255400334
50,generated_from_refactor.sdf_32,O=CC1(C(O)CO)CCNC2C1N2C1C(F)CC=CC1Nc1ccccc1,generated_from_refactor.sdf,375.444,0.6758000000000008,6,4,4.0,0.3324385351424551,8,84.60000000000001,0.7070418119430542,0.8295815825462342,0.6543635427951813,0.0030349808977916835,0.23792934864759446,0.03149350751191378,0.02814268581569195,0.06882615797221661,0.06512226946651936,0.44744912981987,0.23763638809323312,0.2779387213289738,0.3996994882822037,0.09986727349460126,0.9989981889724732,0.03558620437979698,0.13799459338188172,0.027152822352945805,0.0966947453096509,0.00696662706322968,0.09906032234430313,0.009365906857419759,0.4738347828388214,0.041239123046398166,0.22430458515882493,0.018168634735047817,0.015164522640407085,0.03816594947129488,0.041841157153248786,0.5299590706825257,0.6455206990242004,-5.993799238452505,43.11199942261429,13.914293827194694,25.191443086656772,-10.690199290377736,3.140791422419364,0.7897645713468026,60.86632518431979,-3.063607694800923,7.211220962457546,59.519193485847225,29.740209383481968,69.5036835982939,86.02171384257464,63.80379992245056,25.319891430787127,91.97363319115937,57.3090345094998,92.40015509887553,58.86002326483133,30.399379604497867,20.434276851492825,67.50678557580457,11.709965102753005,46.06436603334626,40.36448235750291,54.90500193873594,46.68476153547887,68.59247770453663,69.67816983326871,83.17177200465296,20.395502132609536,65.91702210158977,79.1004265219077,89.33695230709577,51.803024428072895,72.58627374951531,27.762698720434276,55.13765025203567,60.29468786351299,32.880961613028305,39.860411012020165,63.97828615742536,66.30476929042264,51.803024428072895,50.601008142690965,62.31097324544397,60.87630864676231,69.98836758433501,11.942613416052733,56.30089181853431,45.01744862349748,71.92710352849942,39.55021326095385,84.6839860411012,38.619620007754946,32.299340829778984,49.515316013958895,84.3737882900349,0.45344210319833395
51,generated_from_refactor.sdf_79,C=CCCOC(C(=O)O)C1CC2=CCOC(C3=NCC(C(=O)O)=C3)CCC2C(C(=O)O)C2CC12,generated_from_refactor.sdf,473.5220000000003,2.5763,6,3,4.0,0.34251659021719866,7,142.72,0.14798246324062347,0.8245776772499085,0.5372467994689941,0.008342770230956375,0.24173624515533448,0.08470270112156868,0.08863186612725257,0.03737372774630785,0.32862401008605957,0.6001700341701508,0.36426248848438264,0.07468511275947094,0.39557877779006956,0.4239935129880905,0.8613627076148986,0.0227930192835629,0.12549113258719444,0.01672947471961379,0.016791239567101,0.030774831771850586,0.14894750267267226,0.11346800178289414,0.15307954624295234,0.18618504405021669,0.5193152844905853,0.03895209133625031,0.0835691213607788,0.02697908617556095,0.04891058653593063,0.430255788564682,0.08015307784080505,-5.741964264436471,36.48102922518721,14.49264805207691,-8.89453040008787,-7.353798034063746,2.951265801864269,0.23153391611582258,84.88255327858924,-3.3846805516338394,-3.6691521798798847,78.86777820860799,54.63357890655293,69.5036835982939,77.25862737495153,63.80379992245056,26.366808840635905,89.78286157425359,83.36564559906941,43.54400930593253,58.08452888716557,21.442419542458317,31.523846452113222,67.89453276463746,30.78712679333075,63.5129895308259,26.832105467235362,79.87592089957347,60.79875920899573,74.75765800697945,29.35246219464909,82.97789841023652,49.20511826289259,24.389298177588213,69.716944552152,88.75533152384645,43.81543233811555,44.59092671578131,65.29662659945716,70.6863125242342,92.08995734780923,17.371074059713067,60.37223730127956,84.80031019775106,77.16169057774331,82.82279953470336,45.63784412563009,64.59868165955797,50.87243117487398,27.025979061651803,17.022101589763473,50.44590926715781,45.79294300116324,20.860798759208997,72.46994959286545,76.5412950756107,30.32183016673129,63.31911593640946,43.07871267933307,13.144629701434663,0.44989166606708036
52,generated_from_refactor.sdf_12,CC1=CCCC2C(=N1)C1=CCCCC1C21CC1,generated_from_refactor.sdf,227.35099999999994,4.261500000000003,1,0,4.0,0.586028410604638,2,12.36,0.06282578725367785,0.9922546148300171,0.8914232969284057,0.08765691593289375,0.6310790956020356,0.32434635758399966,0.062268780544400215,0.30194697380065916,0.47409442663192747,0.6578641653060913,0.18065741509199143,0.025648343749344348,0.061286735907197,0.09093402698636055,0.9999953031539917,0.0022603568620979788,0.08502248972654343,0.033635671623051165,0.029236056376248598,0.029650889709591864,0.17963769137859345,0.0013783464615698903,0.9878975629806519,0.08322169482707978,0.11101144254207611,0.001292912062490359,0.03757451344281435,0.04980195052921772,0.0034186137723736464,0.6426182627677918,0.23949840366840364,-4.565312108372288,32.15093013140118,17.79611557192306,-5.661802847939742,-3.0263910829640692,2.3440495970125093,3.1883876826577153,80.44696083069145,-4.610111670080809,3.3412707563630626,21.98526560682435,81.31058549825514,6.649864288483908,11.768127181077936,63.80379992245056,58.898797983714616,68.86390073671966,6.785575804575417,23.41993020550601,93.09810003877472,70.6863125242342,58.54982551376502,88.75533152384645,80.84528887165568,57.03761147731679,74.71888328809617,84.9941837921675,68.0496316401706,64.36603334625823,11.167119038386971,40.86855370298565,19.271035284994184,98.0612640558356,18.34044203179527,84.60643660333463,54.672353625436216,52.57851880573865,64.55990694067468,76.851492826677,29.430011632415663,96.23885226832105,49.08879410624273,47.34393175649476,26.948429623885225,69.67816983326871,54.051958123303606,24.079100426521908,70.6863125242342,46.18069018999612,76.2310973245444,46.06436603334626,50.17448623497479,26.521907716169057,95.81233036060489,38.38697169445521,84.72276075998448,57.115160915083365,20.240403257076387,63.745637844125625,0.4497242141383483
53,generated_from_refactor.sdf_29,CC(O)C1CC(O)CC2(F)CC3CCC3C12,generated_from_refactor.sdf,228.30699999999996,1.8924999999999998,2,2,4.0,0.7192669722310135,7,40.46,0.47744458317756655,0.9918769955635071,0.9664808869361877,0.0050307577708736066,0.600888192653656,0.4449916660785675,0.0910597637295723,0.19389437586069108,0.012423481140285731,0.6265775382518768,0.06576930908486248,0.15275412797927856,0.030990950763225555,0.06503838896751404,0.9999873399734497,0.007063152838964015,0.1307560220360756,0.017714406223967673,0.02687249192968011,0.01343824276700616,0.2105656310915947,0.0023406988242641092,0.9329068899154663,0.12951429709792137,0.0525115467607975,0.0031449714151676744,0.006378454109653831,0.07168996408581733,0.003455202595796436,0.14967951774597169,0.3638154238462448,-4.260598242577184,35.89574594838912,-7.432933529814653,43.22022832181997,-7.9463439632073145,2.5604516591019473,1.482885656124067,48.7000945017012,-2.0763624260408253,0.7742573204623888,22.256688639007365,43.89298177588212,16.38231872818922,60.85692128732067,63.80379992245056,77.5106630476929,89.78286157425359,23.070957735556416,81.0779371849554,92.86545172547498,94.49398991857309,25.785188057386584,87.97983714618069,90.57774331136099,63.86196200077549,65.141527723924,28.150445909267155,63.784412563008914,50.21326095385808,49.476541295075606,26.560682435052346,14.695618456766187,96.12252811167119,39.51143854207057,89.02675455602946,45.05622334238077,51.02753005040714,43.11748739821636,81.15548662272198,37.611477316789454,74.6025591314463,54.51725474990306,31.252423419930203,38.154323381155486,35.36254362155874,58.82124854594804,24.079100426521908,13.299728576967816,55.99069406746801,92.90422644435827,49.980612640558356,19.115936409461032,84.10236525785187,66.84761535478867,52.423419930205505,50.019387359441644,21.015897634742146,67.93330748352074,43.039937960449784,0.4492691323920271
54,generated_from_refactor.sdf_71,Cc1cccc(N)c1,generated_from_refactor.sdf,107.156,1.5772199999999998,1,1,4.0,0.5002819996278854,0,26.02,0.6234778821468353,0.9790367960929871,0.9756052255630493,0.9094243764877319,0.7309718072414398,0.07022946327924728,0.1350506603717804,0.2786991953849792,0.16025592237710953,0.14893659055233002,0.5710442900657654,0.36583521515130996,0.005061411851784214,0.25378401577472687,0.9999985694885254,0.0008582578506320715,0.02099041435867548,0.5280046105384827,0.011570112546905875,0.004490174306556583,0.09654030576348305,0.000714576238533482,0.9634798526763916,0.007733388058841229,0.01882131565362215,0.004599020327441394,0.012288943212479354,0.020661124028265476,0.0011702422896632924,0.8276722669601441,0.2126992993056774,-4.655684721154639,79.71972541242553,22.143070980073794,6.721085984402234,-5.433467886075731,2.1915017997392843,1.0434277188022423,61.78619409619446,-0.662636914755866,8.222986615443276,4.497867390461419,39.976735168670025,6.649864288483908,36.68088406359054,63.80379992245056,46.956184567661886,22.489336952307095,12.73749515316014,89.02675455602946,85.45948041876696,97.0918960837534,95.69600620395502,92.32260566110895,25.591314462970143,70.29856533540132,72.81892206281505,70.06591702210159,17.215975184179914,82.82279953470336,79.60449786739046,8.297789841023652,36.7972082202404,99.53470337340055,9.422256688639006,46.10314075222954,93.40829778984101,39.62776269872043,20.473051570376114,53.89685924777045,22.17913920124079,84.9941837921675,19.852656068243505,15.742535866614967,44.51337727801473,47.77045366421093,42.264443582784025,13.493602171384257,86.6227219852656,43.66033346258239,70.41488949205117,82.27995347033733,55.17642497091896,49.05001938735944,86.66149670414889,29.585110507948816,42.923613803799924,33.07483520744474,87.2818922062815,87.66963939511439,0.44732913856011197
55,generated_from_refactor.sdf_10,Cc1cccc2nccc-2c1,generated_from_refactor.sdf,143.189,2.4948200000000007,1,0,4.0,0.551780484670089,0,12.89,0.7669479608535766,0.9927830457687378,0.9728515148162842,0.9960599422454834,0.6479992985725402,0.19030731767416,0.05190687850117683,0.37507525086402893,0.12530423663556575,0.29612272381782534,0.23358629643917084,0.03469547182321549,0.009399143187329173,0.6906086325645446,0.9999993085861206,0.002317325450712815,0.026361182890832426,0.3495514392852783,0.008127117482945322,0.004265017202123999,0.06897678673267364,0.001190602631686488,0.9923399209976196,0.02737679264973849,0.015582145028747618,0.016903957538306712,0.016282474948093296,0.013011988322250544,0.004343353101285174,0.6784407019615173,0.09568309374153613,-4.1647072287308875,79.04703972416182,58.55204689924587,-27.95304969362661,-4.687891979530778,2.3086019796335613,2.6554805264957713,71.94364354618172,-1.918544960099523,-2.9793265318776436,8.297789841023652,53.043815432338114,6.649864288483908,11.768127181077936,63.80379992245056,54.788677782086076,22.489336952307095,7.599844901124467,94.06746801085691,93.56339666537417,96.31640170608763,99.88367584335013,89.2206281504459,59.984490112446686,54.4009305932532,79.06165180302443,66.53741760372237,31.95036835982939,68.32105467235363,14.540519581233035,11.20589375727026,64.28848390849166,99.80612640558356,18.650639782861575,53.54788677782086,88.9492051182629,35.866614967041485,19.464908879410622,38.774718883288095,27.84024815820085,98.41023652578518,35.323768902675454,13.958898797983714,65.10275300504071,53.70298565335401,36.525785188057384,26.289259402869327,73.78829003489724,29.468786351298952,96.20007754943776,81.93098100038775,82.04730515703761,4.187669639395114,90.2287708414114,36.29313687475766,73.09034509499806,46.06436603334626,70.56998836758433,16.595579682047305,0.4449537339473381
56,generated_from_refactor.sdf_34,C=C(C)CC1=CC23CC2C(C)(C)C32C(CC(C)=O)C12,generated_from_refactor.sdf,256.38899999999995,4.150200000000003,1,0,4.0,0.6905434612588323,5,17.07,0.04866192676126957,0.9968188881874085,0.9278924822807312,0.0030238137289416043,0.8492917776107788,0.2952414259314537,0.17527987137436868,0.1017170269973576,0.19318356681615115,0.8026635408401489,0.2187318079173565,0.1166839599609375,0.020421474520117045,0.04163461830466986,0.999996280670166,0.0003401249510716298,0.006423213751986623,0.010925466613844036,0.02078675217926502,0.015366810373961926,0.05256890803575516,0.0009564772539306432,0.9966334223747253,0.1231157396454364,0.24693118259310723,0.00011488167074276134,0.040767709538340566,0.15006886310875417,0.0006697869743220508,0.7761702179908753,0.17513357512652875,-4.487831843663914,71.37144418167023,32.49562920784431,-21.475132761203895,-2.345469264447101,2.390483859035746,3.746170826579565,89.13482586186839,-4.646147249219761,0.1701472853514856,28.964715005816206,79.21675067855757,6.649864288483908,11.768127181077936,63.80379992245056,73.12911981388135,83.96665374176037,8.47227607599845,19.34858472276076,97.05312136487011,82.47382706475378,20.434276851492825,95.61845676618844,77.62698720434277,74.09848778596356,49.24389298177588,73.01279565723148,88.09616130283055,67.31291198138814,42.380767739433885,19.193485847227606,10.663047692904225,98.48778596355176,4.963164017060876,16.9445521519969,36.991081814656845,47.42148119426134,46.452113222179136,28.189220628150444,25.203567274137264,99.88367584335013,53.97440868553703,66.34354400930593,7.367196587824738,71.50058162078325,69.13532376890268,9.732454439705311,81.38813493602171,39.821636293136876,81.27181077937185,77.82086079875921,63.745637844125625,7.32842186894145,97.0918960837534,41.178751454051955,92.8266770065917,71.92710352849942,19.620007754943778,38.193098100038775,0.4444761938310755
57,generated_from_refactor.sdf_56,CN1CCCC2=C1C(=O)CC2C1CCCOCC1,generated_from_refactor.sdf,249.35399999999993,2.3718000000000004,3,0,4.0,0.7143007526642285,2,29.540000000000003,0.1737486392259598,0.9947897315025329,0.9081814885139465,0.08201836012303829,0.5695820689201355,0.28678313493728635,0.08607996180653572,0.4431252896785736,0.044902125373482704,0.6621928811073303,0.045718364790081976,0.02493508458137512,0.07129901722073555,0.19900762289762497,0.999977421760559,0.002309453250200022,0.029873637156561016,0.034221931360661983,0.015929469279944895,0.0040557741886004806,0.07384583316743373,0.00426290559116751,0.9919355630874633,0.12336047887802123,0.07751502841711044,0.002739725378341973,0.022102690674364565,0.011293764272704721,0.0034178299945779146,0.572079735994339,0.14154662936925888,-4.314597573473034,74.26006114388795,27.48574108829566,-1.3763540896549806,-6.917995266886564,2.388086545008327,2.009691959587287,55.21252005314868,-1.673867062678,5.47498324204661,27.064753780535092,51.06630476929042,31.17487398216363,11.768127181077936,63.80379992245056,76.851492826677,68.86390073671966,15.490500193873594,47.80922838309422,95.46335789065529,76.11477316789453,57.6580069794494,86.58394726638231,76.34742148119426,63.08646762310973,82.97789841023652,48.5459480418767,68.55370298565336,45.948041876696394,10.740597130670803,43.58278402481582,32.76463745637844,93.75727025979062,18.650639782861575,58.82124854594804,55.13765025203567,43.9705312136487,18.573090345094997,41.799146956184565,48.23575029081039,98.33268708801862,53.97440868553703,38.38697169445521,36.370686312524235,59.09267157813106,35.01357115160915,24.079100426521908,64.09461031407523,35.67274137262505,90.84916634354401,79.60449786739046,59.79061651803024,34.00542846064366,75.80457541682823,41.101202016285384,60.178363706863124,27.142303218301667,74.17603722373012,77.39433889104303,0.44125222934990704
58,generated_from_refactor.sdf_76,CC1=NCC2(C=Cn3c2nc2cc(C(N)=O)ccc23)C1,generated_from_refactor.sdf,266.304,1.7219,4,1,4.0,0.8531226138297812,1,73.27000000000001,0.6133065044879913,0.887336790561676,0.901396918296814,0.15596523731946946,0.024125343747437,0.19934751391410827,0.01971863592043519,0.18848762661218643,0.14769020974636077,0.6723246455192566,0.011212172510568053,0.06360098607838154,0.3737794041633606,0.7103135466575623,0.9981106638908386,0.036894438043236735,0.07455366775393486,0.21894256472587587,0.04273690730333328,0.049999700859189034,0.2071596711874008,0.005678298883140087,0.6565684020519257,0.08446684405207634,0.11293363422155381,0.07384458556771278,0.02267724759876728,0.02909934874624014,0.17908917963504792,0.2545690074563026,0.32646545171737673,-4.789454584771721,-32.39972963302411,18.88244522383326,-8.171601592455428,-15.167908183045252,2.273414630927551,0.9039980894827553,53.61780811228581,-2.4826003979836817,-3.6460969113662207,31.213648701046917,41.60527336176813,46.47150058162078,36.68088406359054,63.80379992245056,95.34703373400542,54.80806514152772,48.5459480418767,88.56145792943,65.60682435052345,73.5944164404808,66.65374176037224,27.374951531601397,62.03955021326095,40.635905389685924,64.63745637844126,68.82512601783637,69.40674680108569,33.38503295851105,25.43621558743699,81.11671190383869,65.49050019387359,58.86002326483133,79.83714618069018,82.47382706475378,83.09422256688639,58.23962776269872,76.73516867002714,80.7677394338891,52.268321054672356,42.923613803799924,49.437766576192324,47.731678945327644,84.9941837921675,59.63551764249709,46.76231097324544,83.79216750678557,29.54633578906553,52.92749127568825,62.31097324544397,3.683598293912369,51.49282667700659,21.94649088794106,8.918185343156262,34.044203179526946,40.67468010856921,25.3974408685537,61.14773167894533,13.260953858084529,0.4394841161402033
59,generated_from_refactor.sdf_45,CC1C2CCC12,generated_from_refactor.sdf,82.146,1.6622999999999999,0,0,4.0,0.4166552346228103,2,0.0,0.25329806450754405,0.984399390220642,0.9625092625617981,0.026330242678523064,0.5478503584861756,0.363087522983551,0.02733196672052145,0.20064081586897373,0.006203202391043305,0.32365992069244387,0.02305096876807511,0.39024320244789124,0.00042131433147005735,0.14593033790588378,0.9999840974807739,0.00014373676982017968,0.03469080841168761,0.008583409478887916,0.0050829978659749035,0.06071720719337463,0.21181562431156636,0.0005751720585976727,0.984699833393097,0.017011980968527497,0.03661410678178072,0.00030686699028592557,0.00586819164454937,0.009539422625675798,9.059044004970929e-05,0.5624022305011749,0.16408104728907347,-3.80545153115959,104.26489586175133,55.49833730609555,31.256548721073603,0.8825481193709628,1.504327760655427,3.2383011677090123,72.54824869593278,-3.1514396440956376,4.042273113617366,3.1019775106630476,40.90732842186894,1.9387359441644048,11.768127181077936,63.80379992245056,35.94416440480806,68.86390073671966,1.8030244280728964,60.759984490112444,88.290034897247,93.4858472276076,44.51337727801473,85.73090345094998,84.64521132221792,45.63784412563009,66.1108956960062,19.50368359829391,34.1993020550601,39.58898797983714,81.69833268708801,1.9387359441644048,27.025979061651803,95.23070957735555,1.9775106630476929,63.20279177975959,33.38503295851105,30.78712679333075,80.4187669639395,81.27181077937185,20.16285381930981,94.30011632415665,29.817758821248546,24.970918960837533,12.911981388134937,33.5401318340442,32.95851105079488,3.2570763861962,63.125242341993015,38.735944164404806,99.53470337340055,91.39201240791004,80.88406359053897,76.38619620007755,99.76735168670027,6.591702210158976,85.53702985653354,46.72353625436215,47.654129507561066,68.35982939123691,0.41489786077910634
60,generated_from_refactor.sdf_24,CC(CC(=O)O)C1CCCC2C(=O)C(C)C3CCC4CCC5C(C4)N5CCCOCN=C4CCC3C2C1N4,generated_from_refactor.sdf,527.7500000000005,4.742300000000005,6,2,3.0,0.5153336907875323,12,91.0,0.08504370562732219,0.7426409959793091,0.7495280504226685,0.001037297965376638,0.07207885682582856,0.22275813817977905,0.0272435337305069,0.24246870428323747,0.557402616739273,0.7125289916992188,0.16661057323217393,0.03617657907307148,0.4277759850025177,0.20623664259910585,0.9663512468338012,0.0032218811917118727,0.016055136825889348,0.005832766555249691,0.006021066987887025,0.012327514262869954,0.11604471504688263,0.025406545028090477,0.48968678116798403,0.5568754553794861,0.11773769408464432,0.003984397789463401,0.021885492419824005,0.011991457175463438,0.009139023534953595,0.27295795641839504,0.3414273202419281,-6.072243304169483,16.35433135155493,20.79506304423819,10.636258233040625,-8.153621587173522,3.1483649953631048,1.2120415419091441,81.54352872424406,-4.264339618995561,-2.1342004510408557,84.14113997673516,86.54517254749902,69.5036835982939,60.85692128732067,20.918960837533927,48.933695230709574,96.85924777045366,61.5742535866615,30.011632415664984,50.52345870492439,42.923613803799924,11.438542070569987,44.16440480806514,66.22721985265606,45.56029468786351,70.10469174098488,87.20434276851492,75.02908103916246,63.35789065529275,15.199689802248933,84.6839860411012,33.423807677394336,32.570763861962,23.924001550988756,38.193098100038775,27.49127568825126,32.68708801861187,40.51958123303606,61.923226056611085,74.99030632027917,33.8891043039938,78.01473439317564,48.66227219852656,42.14811942613416,59.01512214036448,35.63396665374176,36.21558743699108,31.834044203179527,54.168282279953466,10.701822411787514,29.236138037999226,53.664210934470724,55.06010081426909,64.94765412950755,85.0329585110508,45.870492438929816,58.39472663823187,26.59945715393563,20.35672741372625,0.41283890285592184
61,generated_from_refactor.sdf_36,O=C1CCCc2ccccc21,generated_from_refactor.sdf,146.189,2.2056000000000004,1,0,4.0,0.5480571065787486,0,17.07,0.0824754998087883,0.993843924999237,0.892373549938202,0.8685309410095214,0.5441153764724731,0.4551164746284485,0.06940660215914249,0.4922208160161972,0.03256911151111126,0.39011712968349455,0.018476465623825787,0.05567280501127243,0.007542197615839541,0.49148805141448976,0.999995493888855,0.0036327012028777974,0.030436595901846886,0.038388244807720184,0.0014077275583986193,0.0021846499177627264,0.12733974307775497,0.0015155368484556675,0.9890715718269348,0.11586643373593689,0.023091730289161207,0.006843521166592837,0.005077125877141953,0.022799510043114424,0.0027992906223516913,0.5925040960311889,0.03625866435468197,-4.109772387692237,100.22666154087113,45.95762132568117,-11.633090925486934,-5.602363165004829,1.9894782456792377,2.5241177544048,67.50996621981592,-1.9571564442520362,-6.558010359027523,8.801861186506397,48.39084916634354,6.649864288483908,11.768127181077936,63.80379992245056,53.97440868553703,22.489336952307095,8.47227607599845,29.158588600232648,94.41644048080651,71.0352849941838,94.02869329197362,85.42070569988367,90.8879410624273,59.13144629701434,85.61457929430011,43.58278402481582,41.023652578518806,37.84412563008918,22.41178751454052,10.003877471888329,53.431562621171,98.25513765025204,25.979061651803022,59.519193485847225,56.80496316401706,18.030244280728965,11.244668476153548,65.25785188057387,30.981000387747187,96.97557192710353,53.39278790228771,18.185343156262118,49.94183792167507,30.903450949980613,43.38891043039938,21.907716169057775,65.87824738270648,18.224117875145403,97.13067080263667,90.30632027917797,74.83520744474602,17.13842574641334,85.34315626211709,19.387359441644048,70.76386196200077,40.17060876308646,70.0271423032183,4.846839860411012,0.4106966109148066
62,generated_from_refactor.sdf_86,C=C(CC)C1CCC23C(C)C2C13,generated_from_refactor.sdf,162.27599999999998,3.2447000000000017,0,0,4.0,0.5467178166829818,5,0.0,0.06617485284805298,0.9980934381484985,0.9194584250450134,0.016104711638763546,0.587558263540268,0.21192801147699356,0.02987621771171689,0.23646290972828865,0.19014049652032555,0.5104775786399841,0.14632297530770302,0.04263841025531292,0.011569086089730262,0.028965574316680433,0.9999990463256836,0.00016855550320542533,0.012283215206116438,0.009394063579384238,0.005911966552957892,0.014340498158708215,0.05551596265286207,0.00014561189018422738,0.9904594421386719,0.04839843600057066,0.06663881223648786,5.59478208742803e-05,0.013156167510896922,0.008980530593544245,0.00012526901700766758,0.7332064270973205,0.14344759583473204,-4.275986652393534,81.861861572768,38.951509653825134,12.446357161463808,-0.011416048215877782,1.3586206082441865,4.130101683720009,89.36174832796769,-5.014377438958073,5.047314974039522,11.477316789453276,65.4517254749903,1.9387359441644048,11.768127181077936,63.80379992245056,53.7417603722373,83.96665374176037,1.8030244280728964,24.544397053121365,98.13881349360217,79.72082202404033,38.735944164404806,87.43699108181465,64.4823575029081,46.956184567661886,69.79449398991858,72.78014734393176,52.03567274137262,61.14773167894533,17.68127181077937,12.718107793718495,7.871267933307483,99.68980224893369,2.5979061651803024,30.205506010081425,34.548274525009695,32.45443970531213,44.47460255913145,30.16673129119814,10.701822411787514,97.82861574253586,42.03179526948429,35.55641721597518,5.544784800310198,49.28266770065917,32.570763861962,3.7999224505622333,78.63512989530825,35.98293912369135,92.24505622334237,83.36564559906941,69.98836758433501,58.12330360604886,99.49592865451726,4.303993796044979,96.47150058162077,72.31485071733229,13.803799922450562,74.87398216362931,0.4046465955460027
63,generated_from_refactor.sdf_40,CCC12CC1C2(C)CCC(C)C=CC(C)C,generated_from_refactor.sdf,220.4,5.051100000000005,0,0,3.0,0.5493743242075484,4,0.0,0.009932711825240404,0.9991634726524353,0.9047906398773193,0.035415901453234255,0.32686324305832387,0.1815899521112442,0.030242365971207618,0.3395242355763912,0.34323883056640625,0.6286296665668487,0.12109358813613653,0.12607850059866904,0.01203240400645882,0.012201834376901389,0.9999976873397827,2.6927569297185983e-05,0.001482991105876863,0.0030534474528394638,0.014699108526110649,0.005174602195620537,0.019859035313129426,7.505577559641097e-05,0.9969340682029724,0.06653794609010219,0.01283743125386536,8.281315126623668e-06,0.008825055370107294,0.042960869148373604,0.00010151138849323615,0.8190725445747375,0.48896683305501937,-4.304788070121659,92.40756976613775,52.89228419204689,12.409446018689291,1.268923639825461,1.310194702631415,4.576464906432141,98.64745525270659,-6.360899677393258,7.8495636657581285,20.860798759208997,89.02675455602946,1.9387359441644048,11.768127181077936,20.918960837533927,54.245831717720044,80.1085692128732,1.8030244280728964,3.4121752617293524,99.30205506010081,74.75765800697945,47.84800310197751,74.52500969367972,58.317177200465295,47.111283443195035,77.16169057774331,80.88406359053897,64.01706087630865,58.355951919348584,44.125630089181854,13.260953858084529,4.032570763861962,99.18573090345095,0.15509887553315238,4.808065141527724,19.271035284994184,42.846064366033346,22.76075998449011,6.785575804575417,8.026366808840635,99.88367584335013,46.68476153547887,12.252811167119038,2.2877084141139976,41.60527336176813,52.1132221791392,3.4897246994959286,85.76967816983327,63.008918185343155,91.12058937572702,88.01861186506397,78.94532764637457,58.12330360604886,99.76735168670027,3.722373012795657,98.6816595579682,88.87165568049632,3.179526948429624,86.66149670414889,0.396930193576887
64,generated_from_refactor.sdf_26,Cc1nccc2c1ccn2C,generated_from_refactor.sdf,146.19299999999996,1.8817199999999998,2,0,4.0,0.5545484857715106,0,17.82,0.6473620414733887,0.9815013766288757,0.9595842599868775,0.8731263875961304,0.13128043338656425,0.1720418483018875,0.0012554588087368757,0.2904475122690201,0.12903626635670662,0.36940146386623385,0.2999764859676361,0.02858373336493969,0.02423148639500141,0.4900505781173706,0.9999944686889648,0.0041111679864116015,0.010623061005026102,0.16394233405590058,0.005677302088588476,0.003369448194280267,0.012696061097085477,0.00028928938481840303,0.9797046422958374,0.016648617433384062,0.009065806213766337,0.0017136890848632902,0.007323402911424637,0.0004926530891680159,0.0012820722360629589,0.5746021270751953,0.05607462786138058,-4.228964924464142,42.65422975541831,41.44980847921151,5.070830940499155,-8.00576412016501,2.55271077243808,1.1601471013119338,45.677222969570025,-0.13947361324364796,-1.8585559671404055,8.840635905389686,43.69910818146568,16.38231872818922,11.768127181077936,63.80379992245056,55.253974408685536,22.489336952307095,8.704924389298178,90.18999612252811,86.81659557968204,92.40015509887553,94.14501744862349,54.28460643660333,55.79682047305157,10.158976347421481,73.98216362931369,66.88639007367196,38.735944164404806,72.50872431174874,12.175261729352462,22.024040325707638,53.35401318340442,97.90616518030244,28.30554478480031,26.521907716169057,78.71267933307483,32.02791779759597,16.130283055447848,3.722373012795657,14.6568437378829,91.97363319115937,29.623885226832105,8.685537029856533,30.632027917797593,38.1155486622722,8.452888716556805,14.269096549050019,64.32725862737495,22.83830942225669,94.06746801085691,55.83559519193486,72.004652966266,46.60721209771229,66.26599457153935,51.841799146956184,44.90112446684761,18.99961225281117,91.46956184567662,22.41178751454052,0.3886395933824437
65,generated_from_refactor.sdf_74,FC(F)(F)c1ccoc1,generated_from_refactor.sdf,136.072,2.2984,1,0,4.0,0.5328759414262699,0,13.14,0.007215697003994137,0.9966493248939514,0.9545117974281311,0.8925803184509278,0.6247853636741638,0.1292575504630804,0.04098293511196971,0.32138853035867215,0.057972551882267,0.2376920036971569,0.03187487199902535,0.2448937900364399,0.001426808731048368,0.2405918776988983,0.9999983549118042,0.00182028891867958,0.013037229143083095,0.006592904882563744,0.004747767210938036,0.0004181014926871285,0.009785079024732113,0.00022111613434390166,0.9880121111869812,0.11907985359430313,0.013209240266587586,0.0005845370737233679,0.0017572083859704434,0.003866536697023548,0.0005759774368925719,0.15437201801687478,0.18394260331988335,-4.577259251123256,36.901481977858644,25.407306436748012,39.79985836571918,-2.3018518761975697,2.396225686003633,3.022026710594091,94.83738309181692,-1.8142169760789961,7.1985486326465375,7.212097712291586,49.70918960837534,6.649864288483908,11.768127181077936,63.80379992245056,51.4540519581233,22.489336952307095,7.638619620007755,2.6754556029468786,96.93679720822024,91.08181465684373,94.84296238852268,88.71655680496316,44.59092671578131,51.29895308259015,76.03722373012795,52.81116711903839,27.29740209383482,42.03179526948429,65.4517254749903,4.032570763861962,35.94416440480806,99.41837921675068,15.66498642884839,31.485071733229933,29.236138037999226,30.32183016673129,3.218301667312912,3.334625823962776,13.0283055447848,96.23885226832105,53.664210934470724,12.524234199302054,17.72004652966266,15.393563396665375,23.80767739433889,8.956960062039549,14.191547111283443,40.480806514152775,75.64947654129507,50.67855758045754,57.54168282279953,82.55137650252036,97.13067080263667,41.45017448623497,81.23303606048856,82.35750290810391,71.92710352849942,84.29623885226832,0.3867172832011264
66,generated_from_refactor.sdf_60,O=C1N=C(OC2OC2O)C(=O)C1C12CCC1(O)C2C(O)CO,generated_from_refactor.sdf,313.262,-2.7039999999999993,8,4,4.0,0.32329368214472703,7,149.18,0.4771887719631195,0.6943242490291596,0.8931211948394775,0.008313356258440763,0.05569816417992115,0.09986800625920296,0.010496571380645036,0.0191855126991868,0.0026981542236171664,0.37039598524570466,0.0014738328842213376,0.0660797705873847,0.10140283554792404,0.750322288274765,0.99811270236969,0.015096390852704644,0.04824701100587845,0.019396835984662176,0.03227935140021145,0.005276042653713375,0.0674916710704565,0.011872152239084244,0.3650048837065697,0.007656146329827607,0.1292923092842102,0.016754749324172737,0.006769360043108463,0.02660749787464738,0.15995583608746528,0.3431969702243805,0.022250466607511045,-5.6644462173420065,39.10550006198931,5.687291692239093,7.4727608475728164,-15.973852625554377,3.5732861823212794,-0.8976068902417229,40.90184685247454,-0.9971124140990923,2.5128378554077466,44.82357502908104,9.422256688639006,82.35750290810391,86.02171384257464,63.80379992245056,24.117875145405193,89.78286157425359,84.72276075998448,81.03916246607211,46.21946490887941,71.11283443195036,31.485071733229933,40.20938348196975,35.5176424970919,30.283055447848003,13.571151609150833,12.601783637068632,38.89104303993796,19.813881349360216,26.405583559519194,51.29895308259015,67.81698332687088,58.898797983714616,59.17022101589763,72.04342768514928,46.37456378441256,54.168282279953466,23.070957735556416,37.80535091120589,63.35789065529275,28.227995347033733,19.852656068243505,50.562233423807676,64.94765412950755,36.487010469174095,45.40519581233036,81.77588212485459,40.32570763861962,14.501744862349748,19.193485847227606,52.966265994571536,35.20744474602559,50.562233423807676,6.979449398991857,93.64094610314075,13.920124079100425,14.85071733229934,83.59829391236913,57.77433113609926,0.3827591245503941
67,generated_from_refactor.sdf_53,C1=CCC2N=CN=C2CC1,generated_from_refactor.sdf,134.182,1.5779999999999998,2,0,4.0,0.44923855287865777,1,24.72,0.4678261935710907,0.96031254529953,0.9050915479660034,0.18794748261570932,0.19050788283348083,0.18198043256998062,0.054077322501689194,0.18060520440340042,0.05665835808031261,0.28447103649377825,0.09294225219637156,0.046789972484111785,0.07021432835608721,0.3489708185195923,0.9999599933624268,0.0008615152939455584,0.01183459758758545,0.19782862663269044,0.08252637609839439,0.0030843536776956173,0.028897365555167198,0.0016653317725285888,0.8943596363067627,0.029142215033061802,0.056273524463176725,0.0017865467518277,0.034000425087288025,0.03897565044462681,0.008197304408531636,0.8937891960144043,0.049682035483419894,-4.428635561050969,20.755630865054272,14.988288100091921,-17.38749469891059,-6.301110118848054,2.6122978641601824,1.398164983411462,40.81401849037195,-1.7211081668866854,-2.605634461431657,7.056998836758433,39.976735168670025,16.38231872818922,11.768127181077936,63.80379992245056,40.17060876308646,54.80806514152772,12.252811167119038,80.4187669639395,78.79022877084141,74.79643272586273,69.09654905001939,62.15587436991082,58.39472663823187,54.90500193873594,63.70686312524234,52.57851880573865,31.097324544397054,54.36215587436991,19.232260566110895,43.42768514928267,43.621558743699104,90.57774331136099,9.422256688639006,29.003489724699495,81.54323381155487,69.83326870880185,14.695618456766187,11.59364094610314,32.299340829778984,66.14967041488948,36.02171384257464,32.64831329972858,31.019775106630476,67.7782086079876,50.756107018224114,34.93602171384257,92.7879022877084,21.752617293524622,84.83908491663435,33.307483520744476,46.568437378829,10.120201628538194,80.8065141527724,55.64172159751842,48.817371074059714,14.734393175649476,73.2842186894145,18.14656843737883,0.3780799850721934
68,generated_from_refactor.sdf_19,CC1=CC=NC2=CC=C(N)C12,generated_from_refactor.sdf,146.19299999999998,1.3734000000000002,2,1,4.0,0.550432409764672,1,38.379999999999995,0.24553311467170716,0.886385440826416,0.8743365406990051,0.17748147919774054,0.12701948946341873,0.05524836704134941,0.030011304700747133,0.16156695932149887,0.07643520121928304,0.28796443045139314,0.08201271705329419,0.10581478029489517,0.049386214138939975,0.263070410490036,0.9998410820960999,0.00988066972931847,0.02398409340530634,0.22357120662927626,0.023376223020022735,0.007623694631911348,0.029955521365627645,0.003110359230777249,0.7451650440692902,0.012415651045739651,0.09313732832670212,0.004595296084517031,0.10401611179113388,0.08567910231649875,0.014624879678012803,0.891254186630249,0.0385916248196736,-4.507779080513135,-28.956605146185428,20.729889253187693,-27.656631672325318,-7.366977456155946,2.8716484768713006,1.4304292820551687,58.268430225699845,-1.5671918540770982,-5.6737614723353,8.840635905389686,37.18495540907328,16.38231872818922,36.68088406359054,63.80379992245056,54.47848003101977,54.80806514152772,21.287320666925165,59.32531989143079,65.52927491275688,66.30476929042264,68.59247770453663,53.89685924777045,20.16285381930981,46.99495928654517,60.64366033346258,57.50290810391625,31.32997285769678,52.73361768127181,39.433889104303994,35.789065529274914,37.611477316789454,82.55137650252036,47.61535478867778,50.096936797208215,83.24932144241954,49.05001938735944,29.35246219464909,12.44668476153548,42.303218301667314,49.32144241954246,25.86273749515316,42.57464133385033,44.51337727801473,85.34315626211709,61.5742535866615,44.086855370298565,92.59402869329197,18.96083753392788,79.99224505622334,4.187669639395114,53.625436215587435,4.226444358278402,72.39240015509887,72.23730127956573,49.360217138425746,30.16673129119814,75.45560294687863,6.630476929042264,0.3741452366771284
69,generated_from_refactor.sdf_38,CC(C)C1=CC=NC1,generated_from_refactor.sdf,109.17199999999998,1.6532,1,0,4.0,0.4852301993679572,0,12.36,0.2556291505694389,0.9894794702529908,0.9056719422340394,0.26967301964759827,0.3861152231693268,0.10198984518647194,0.0680195864289999,0.3026855081319809,0.15729255564510822,0.28757650703191756,0.24186210259795188,0.18723698556423188,0.02878048997372389,0.10357611142098903,0.9999932527542115,0.00022447941610153065,0.006970369443297386,0.07702108137309552,0.009194398624822497,0.0018310366016521585,0.011555125517770649,0.00033055297171813436,0.9813766360282898,0.02122943140566349,0.018306388286873698,0.0006242003481020219,0.021981741301715374,0.002584264928009361,0.00046674961376993453,0.8250717997550965,0.1036366954445839,-4.106327953842555,35.66183838745972,30.205160216359765,-14.84123357904556,-4.095238765377329,2.3331973651715066,1.867853830764595,53.70575349358326,-1.2963445584004722,-3.9452411070772264,4.652966265994571,40.82977898410236,6.649864288483908,11.768127181077936,63.80379992245056,44.746025591314464,22.489336952307095,6.785575804575417,61.14773167894533,91.31446297014347,75.14540519581233,74.29236138037999,77.74331136099264,36.21558743699108,58.74369910818147,74.79643272586273,69.83326870880185,31.291198138813492,68.78635129895308,56.37844125630089,25.358666149670412,21.054672353625435,97.59596742923614,3.4897246994959286,18.224117875145403,67.66188445133773,37.107405971306704,9.461031407522295,3.5672741372625048,15.587436991081814,92.63280341217526,32.221791392012406,15.393563396665375,18.34044203179527,59.05389685924777,20.473051570376114,7.716169057774331,86.35129895308259,30.476929042264445,97.13067080263667,49.980612640558356,62.11709965102753,12.718107793718495,92.28383094222566,37.7665761923226,57.46413338503296,25.47499030632028,79.06165180302443,12.214036448235749,0.36876487087591053
70,generated_from_refactor.sdf_84,N=C1CC2C3N2C2CCCC(O)CC2=CC24CC2CCC4OC2(CCC4CCC5CC(CN45)N1)CN32,generated_from_refactor.sdf,493.6960000000004,2.79347,6,3,4.0,0.3560460952058813,13,74.60000000000001,0.12355240471661091,0.6134507119655609,0.3621329188346863,0.0002665256893124024,0.01738356673158705,0.04410913437604904,0.004420292947907,0.42905709743499754,0.34459103345870973,0.6919322967529297,0.013161152042448521,0.013596107577905059,0.2193162590265274,0.018527552857995032,0.7642656922340393,0.0025913050456438215,0.031419057957828046,0.006217253231443465,0.007002356147859245,0.011026146402582527,0.12445706576108932,0.00012300003090786048,0.36083767414093015,0.2174078866839409,0.021701512904837728,0.0015121029486181215,0.007176568638533354,0.009482041094452142,0.00738255181349814,0.45523946210741995,0.8586978554725647,-6.538131976412899,-15.609015059604326,11.479233545393587,48.11076665523869,-10.70977590640027,3.9467862105345213,0.485632248306216,64.07228404268926,-2.1446995119352534,3.231289451530087,81.0779371849554,58.976347421481194,69.5036835982939,77.25862737495153,63.80379992245056,28.46064366033346,97.18883288096161,49.63164017060876,38.735944164404806,38.929817758821244,11.981388134936022,4.963164017060876,23.264831329972857,16.24660721209771,21.442419542458317,82.31872818922062,80.96161302830555,71.73322993408297,34.89724699495929,5.8937572702597905,68.63125242341992,5.467235362543621,21.94649088794106,20.2016285381931,60.48856145792943,28.46064366033346,34.31562621170996,38.231872818922064,64.59868165955797,10.158976347421481,28.034121752617292,62.543621558743695,17.75882124854595,29.003489724699495,37.65025203567274,32.919736331911594,33.26870880186119,53.35401318340442,82.47382706475378,5.389685924777045,7.5222954633578905,42.22566886390074,86.77782086079876,39.27879022877084,97.24699495928654,34.1993020550601,36.02171384257464,66.7700659170221,62.504846839860406,0.3663072525983788
71,generated_from_refactor.sdf_63,C#C,generated_from_refactor.sdf,26.037999999999997,0.24939999999999998,0,0,4.0,0.3329262983047797,0,0.0,0.4814372092485428,0.9161310076713562,0.9303598284721375,0.4142763137817383,0.022757238522171975,0.19707008004188536,0.04354775361716747,0.23199476897716523,0.12040466405451297,0.15043187141418457,0.043958900356665255,0.4934365302324295,0.02258266219869256,0.18377358093857765,0.9980216383934021,0.013998425984755158,0.020882674655877054,0.033692535466980186,0.0036521848640404643,0.008730666220071726,0.02054024366661906,0.0018824582744855433,0.7662559151649475,0.003343522548675537,0.011231255810707807,0.003194868940045126,0.005511295050382614,0.0004755234680487774,0.0054165315756108615,0.705558466911316,0.06707778573036194,-4.094350855461928,38.68535469996967,9.485118242235464,8.892701702751888,-0.2655864339516046,2.0995414865249655,2.38690246821618,67.87321541387794,-0.9440276445761413,0.24366830063425543,0.38774718883288095,25.86273749515316,1.9387359441644048,11.768127181077936,63.80379992245056,25.47499030632028,22.489336952307095,1.8030244280728964,81.46568437378829,70.0271423032183,83.28809616130283,80.53509112058937,26.67700659170221,61.5742535866615,52.07444746025591,69.29042264443582,65.33540131834044,17.409848778596356,45.48274525009693,88.290034897247,20.899573478092282,31.485071733229933,58.47227607599845,57.270259790616514,45.79294300116324,54.788677782086076,27.6851492826677,32.41566498642885,7.056998836758433,33.8891043039938,51.02753005040714,12.097712291585886,11.20589375727026,38.58084528887166,32.299340829778984,8.220240403257076,29.197363319115937,76.65761923226056,24.699495928654517,97.28576967816983,52.53974408685537,39.89918573090345,52.65606824350523,99.41837921675068,24.89336952307096,67.7394338891043,40.75222954633579,84.14113997673516,38.619620007754946,0.3586142457517127
72,generated_from_refactor.sdf_17,Cc1nc(C)c(N)c(C)c1C,generated_from_refactor.sdf,150.225,1.89748,2,1,4.0,0.6130893307821702,0,38.91,0.30770543217658997,0.9903535127639771,0.9927689552307128,0.13836926147341727,0.006131991394795477,0.1945756897330284,0.0004789694816281553,0.5735977798700332,0.022877634345786647,0.5736925184726716,0.017456501885317267,0.14339500069618225,0.008281538635492325,0.23666044920682908,0.9997342944145202,0.00046479604934575037,0.02072482155635953,0.0558466300368309,0.00296867226716131,0.0043982106260955335,0.030496638966724277,2.9144235520561777e-05,0.9653329610824585,0.0030947601655498145,0.0038195515924599023,0.0005254342786429334,0.0006689304059364076,0.0009316170770034659,0.00017123443807918193,0.6871683597564697,0.26589617133140564,-4.665244231630192,9.256078518014025,-1.6050922915011654,13.717272621492276,-8.580371397992867,2.59055714568248,0.43561062654171084,34.49276392318302,-0.6336626285441225,3.5053955208543757,9.577355564172159,44.125630089181854,16.38231872818922,36.68088406359054,63.80379992245056,62.00077549437766,22.489336952307095,21.965878247382705,66.92516479255525,91.66343544009305,99.80612640558356,64.75378053509112,11.59364094610314,60.99263280341217,5.5060100814269095,89.33695230709577,37.84412563008918,57.81310585498255,37.14618069018999,47.61535478867778,10.469174098487786,35.789065529274914,77.89841023652578,5.971306708026367,45.75416828227995,62.89259402869329,25.63008918185343,20.12407910042652,12.834431950368359,5.428460643660333,85.57580457541683,11.283443195036835,3.295851105079488,16.789453276463746,7.32842186894145,12.563008918185343,4.614191547111283,74.44746025591314,48.313299728576965,69.716944552152,22.334238076773943,26.483132997285768,59.71306708026367,60.566110895696006,54.47848003101977,33.57890655292749,11.360992632803413,87.66963939511439,64.75378053509112,0.354306733630982
73,generated_from_refactor.sdf_37,CCN(N)CC(C)C1CC1,generated_from_refactor.sdf,142.24599999999995,1.2280999999999997,2,1,4.0,0.4722739659091595,1,29.259999999999998,0.36239706799387933,0.9747153520584106,0.965488851070404,0.007703880569897592,0.0030465115793049335,0.10538430474698543,0.00018177666497649626,0.793555736541748,0.1740262910723686,0.08172435462474822,0.0012823161137930582,0.6480747818946838,0.32825582786463203,0.012275124085135758,0.9995377540588379,0.00025660372593847567,0.009604380372911692,0.027849847823381423,0.00022638302652921993,0.0006235776309040375,0.06641620397567749,6.22923504352002e-06,0.7344605922698975,0.001432053040480241,0.009682066412642598,0.00012286694554859424,0.00019499750696923003,5.8580621771398e-05,3.051465705539158e-05,0.9680380821228027,0.5972816556692123,-3.9798208918944082,25.355240211140128,-37.38539654884387,-4.375542521891855,-4.750712909881758,2.6883140075387866,-0.9456615104102186,-8.872638922883258,-0.5751138894503167,7.608587984612593,8.1426909654905,35.246219464908876,16.38231872818922,36.68088406359054,63.80379992245056,43.42768514928267,54.80806514152772,14.346645986816595,72.89647150058161,83.55951919348584,94.30011632415665,30.74835207444746,6.359053896859248,37.26250484683986,3.1019775106630476,96.58782473827064,71.3454827452501,6.901899961225281,18.99961225281117,94.30011632415665,78.13105854982551,4.148894920511826,73.63319115936409,3.9550213260953857,24.04032570763862,52.19077161690578,7.483520744474602,4.497867390461419,37.18495540907328,3.1407522295463357,48.50717332299341,5.9325319891430786,9.073284218689414,7.5610701822411785,3.334625823962776,1.7836370686312524,1.7448623497479643,98.44901124466847,68.12718107793718,98.56533540131834,38.4257464133385,1.8999612252811167,28.538193098100038,90.03489724699496,60.9150833656456,13.377278014734394,1.2795657231485071,88.17371074059713,85.73090345094998,0.35082098830237346
74,generated_from_refactor.sdf_16,Cc1ccn(C)c1C,generated_from_refactor.sdf,109.172,1.64194,1,0,4.0,0.4770211994265266,0,4.93,0.1797603353857994,0.9954504251480103,0.983356261253357,0.303785415738821,0.24516608491539954,0.27572676837444304,0.00177411687473068,0.5309047430753708,0.1081443089642562,0.43069436550140383,0.012901981873437763,0.09606998115777969,0.004689955804497004,0.07109499312937259,0.9999655961990357,0.000195712696222472,0.022048170398920774,0.017053481936454774,0.001294434117153287,0.0012917241372633725,0.014357864391058683,2.695256365541354e-05,0.9883926153182984,0.007045821542851627,0.0035743781365454195,0.00025251652423321504,0.0017428102777557798,0.0002916692807048094,5.4053610554660736e-05,0.6544447302818298,0.08867730274796486,-4.171936168183828,39.307949953375264,28.8852019458888,4.961997882791186,-4.314352942835115,2.003372954610179,1.602284454755336,45.85418352404764,-0.7095546517160031,-0.1662000121239373,4.652966265994571,40.75222954633579,6.649864288483908,11.768127181077936,63.80379992245056,43.89298177588212,22.489336952307095,4.381543233811555,48.933695230709574,96.0837533927879,98.79798371461807,76.2310973245444,68.16595579682047,74.75765800697945,12.834431950368359,87.78596355176424,63.47421481194261,44.82357502908104,34.664598681659555,36.17681271810779,8.181465684373787,15.626211709965101,91.70221015897634,3.0244280728964714,48.04187669639395,44.125630089181854,17.409848778596356,7.5222954633578905,4.110120201628538,5.312136487010469,96.35517642497092,19.193485847227606,3.0244280728964714,11.59364094610314,15.316013958898797,5.9325319891430786,2.404032570763862,71.57813105854983,28.49941837921675,95.85110507948818,53.19891430787126,60.79875920899573,46.490887941062425,91.5083365645599,19.775106630476927,52.423419930205505,19.193485847227606,86.77782086079876,35.01357115160915,0.3502789481987421
75,generated_from_refactor.sdf_25,CC1CC1,generated_from_refactor.sdf,56.108,1.4163,0,0,4.0,0.3934207493755274,0,0.0,0.011943672818597406,0.997828233242035,0.9797279238700867,0.02516262512654066,0.10937162901973352,0.23997954428195953,0.0032201292509853375,0.2616655410733074,0.00027078447634494297,0.2460402488708496,5.5870620022346885e-05,0.6795791268348694,8.201190644285816e-05,0.24385067522525788,0.9999937057495117,1.904004869768272e-06,0.0022819228935986756,0.0005256729520624504,0.0003878566290950403,0.0002649728012329433,0.030457469634711742,0.00011593251192607568,0.9898347496986389,0.006820445851190016,0.015886261058039964,1.3087570550851524e-05,0.0008522967284079642,0.0017381466197548435,1.4385145593109883e-05,0.45219849050045013,0.12025199985364451,-3.7993604389350493,108.97869839641757,66.71599709901238,38.892146466772125,1.517274572175781,1.1903161725085065,3.780239249704917,77.50032254629132,-2.782023046640994,8.81765845550515,1.5509887553315238,37.7665761923226,1.9387359441644048,11.768127181077936,63.80379992245056,33.11360992632803,22.489336952307095,1.8030244280728964,4.2652190771616905,97.90616518030244,97.94493989918573,44.048080651415276,51.26017836370686,69.52307095773556,17.952694842962387,71.53935633966654,2.830554478480031,27.956572314850717,7.677394338891043,95.07561070182241,0.46529662659945714,36.09926328034122,97.75106630476928,0.0,6.5141527723924,5.777433113609926,9.7712291585886,2.404032570763862,12.795657231485071,9.926328034121752,97.28576967816983,18.805738658394727,14.23032183016673,2.7530050407134548,8.879410624272975,17.177200465296625,1.1244668476153548,52.888716556804965,32.76463745637844,99.57347809228384,92.71035284994184,85.92477704536643,81.62078324932143,99.80612640558356,2.6366808840635905,93.33074835207445,53.005040713454825,54.98255137650252,89.14307871267933,0.350157691503302
76,generated_from_refactor.sdf_82,CCC,generated_from_refactor.sdf,44.096999999999994,1.4163,0,0,4.0,0.3854706587740357,0,0.0,0.001169378065969795,0.9994869828224182,0.9915100574493408,0.08397583886981011,0.09020934059808497,0.13348425254225732,0.003267026916728355,0.19686964727006853,2.1410152022482974e-05,0.19308366775512695,5.575696619963821e-06,0.8487824201583862,5.0621171963083356e-06,0.387113144993782,0.9999996900558472,1.867918922947298e-07,0.0011703780270181595,0.00024104192743834574,3.3783346771087964e-05,2.0801769704803518e-05,0.009098337608156726,8.89071115599549e-06,0.9964397430419922,0.0037452664255397394,0.00012828303997594048,1.068926198349862e-06,0.00012587612482093392,0.0011786329221649793,1.9904804722498113e-06,0.23401899561285971,0.036111945775337516,-3.667699876117571,132.81594744614736,80.25566034618045,67.49695529849839,2.174811055492107,0.8320081179196667,4.781083026621405,88.2188155512117,-2.6567924665025044,15.669041971498936,1.0469174098487786,37.7665761923226,1.9387359441644048,11.768127181077936,63.80379992245056,32.06669251647926,22.489336952307095,1.8030244280728964,0.7367196587824738,99.45715393563397,99.68980224893369,57.92943001163241,47.731678945327644,45.79294300116324,18.10779371849554,65.64559906940674,0.5816207832493214,22.877084141139974,3.683598293912369,99.06940674680108,0.0,46.87863512989531,100.0,0.0,3.644823575029081,3.0244280728964714,2.6754556029468786,0.5428460643660333,3.218301667312912,3.4121752617293524,99.84490112446684,12.950756107018224,0.038774718883288095,1.0469174098487786,2.404032570763862,13.60992632803412,0.23264831329972857,26.0566110895696,18.185343156262118,99.84490112446684,97.47964327258627,91.00426521907715,91.54711128344319,99.84490112446684,0.8530438154323381,99.18573090345095,70.14346645986816,57.77433113609926,96.31640170608763,0.34877283657917785
77,generated_from_refactor.sdf_20,CCC,generated_from_refactor.sdf,44.096999999999994,1.4163,0,0,4.0,0.3854706587740357,0,0.0,0.001169378065969795,0.9994869828224182,0.9915100574493408,0.08397583886981011,0.09020934059808497,0.13348425254225732,0.003267026916728355,0.19686964727006853,2.1410152022482974e-05,0.19308366775512695,5.575696619963821e-06,0.8487824201583862,5.0621171963083356e-06,0.387113144993782,0.9999996900558472,1.867918922947298e-07,0.0011703780270181595,0.00024104192743834574,3.3783346771087964e-05,2.0801769704803518e-05,0.009098337608156726,8.89071115599549e-06,0.9964397430419922,0.0037452664255397394,0.00012828303997594048,1.068926198349862e-06,0.00012587612482093392,0.0011786329221649793,1.9904804722498113e-06,0.23401899561285971,0.036111945775337516,-3.667699876117571,132.81594744614736,80.25566034618045,67.49695529849839,2.174811055492107,0.8320081179196667,4.781083026621405,88.2188155512117,-2.6567924665025044,15.669041971498936,1.0469174098487786,37.7665761923226,1.9387359441644048,11.768127181077936,63.80379992245056,32.06669251647926,22.489336952307095,1.8030244280728964,0.7367196587824738,99.45715393563397,99.68980224893369,57.92943001163241,47.731678945327644,45.79294300116324,18.10779371849554,65.64559906940674,0.5816207832493214,22.877084141139974,3.683598293912369,99.06940674680108,0.0,46.87863512989531,100.0,0.0,3.644823575029081,3.0244280728964714,2.6754556029468786,0.5428460643660333,3.218301667312912,3.4121752617293524,99.84490112446684,12.950756107018224,0.038774718883288095,1.0469174098487786,2.404032570763862,13.60992632803412,0.23264831329972857,26.0566110895696,18.185343156262118,99.84490112446684,97.47964327258627,91.00426521907715,91.54711128344319,99.84490112446684,0.8530438154323381,99.18573090345095,70.14346645986816,57.77433113609926,96.31640170608763,0.34877283657917785
78,generated_from_refactor.sdf_20,CCC,generated_from_refactor.sdf,44.096999999999994,1.4163,0,0,4.0,0.3854706587740357,0,0.0,0.0011693784850649535,0.9994869828224182,0.9915100574493408,0.08397580161690713,0.0902093941316707,0.1334842387586832,0.0032670296975993553,0.1968696681316942,2.1410151728318284e-05,0.19308368265628814,5.575694458226366e-06,0.8487823963165283,5.06211721340577e-06,0.3871131777763367,0.9999996900558472,1.8679182516093128e-07,0.0011703780270181595,0.00024104199292196427,3.378334440640174e-05,2.0801759836786006e-05,0.009098337299656123,8.890712979070514e-06,0.9964397430419922,0.003745267375597905,0.00012828303997594048,1.068926198349862e-06,0.000125876100946698,0.0011786345228756545,1.990481836422475e-06,0.234018924087286,0.03611196580459364,-3.667699894475704,132.8159480860336,80.25566115289426,67.49696284400281,2.1748110650960917,0.8320080493320683,4.781082998010071,88.21881515141231,-2.656792422376573,15.669040898802757,1.0469174098487786,37.7665761923226,1.9387359441644048,11.768127181077936,63.80379992245056,32.06669251647926,22.489336952307095,1.8030244280728964,0.7367196587824738,99.45715393563397,99.68980224893369,57.92943001163241,47.731678945327644,45.79294300116324,18.10779371849554,65.64559906940674,0.5816207832493214,22.877084141139974,3.683598293912369,99.06940674680108,0.0,46.87863512989531,100.0,0.0,3.644823575029081,3.0244280728964714,2.6754556029468786,0.5428460643660333,3.218301667312912,3.4121752617293524,99.84490112446684,12.950756107018224,0.038774718883288095,1.0469174098487786,2.404032570763862,13.60992632803412,0.23264831329972857,26.0566110895696,18.185343156262118,99.84490112446684,97.47964327258627,91.00426521907715,91.54711128344319,99.84490112446684,0.8530438154323381,99.18573090345095,70.14346645986816,57.77433113609926,96.31640170608763,0.34877283651063634
79,generated_from_refactor.sdf_82,CCC,generated_from_refactor.sdf,44.096999999999994,1.4163,0,0,4.0,0.3854706587740357,0,0.0,0.0011693784850649535,0.9994869828224182,0.9915100574493408,0.08397580161690713,0.0902093941316707,0.1334842387586832,0.0032670296975993553,0.1968696681316942,2.1410151728318284e-05,0.19308368265628814,5.575694458226366e-06,0.8487823963165283,5.06211721340577e-06,0.3871131777763367,0.9999996900558472,1.8679182516093128e-07,0.0011703780270181595,0.00024104199292196427,3.378334440640174e-05,2.0801759836786006e-05,0.009098337299656123,8.890712979070514e-06,0.9964397430419922,0.003745267375597905,0.00012828303997594048,1.068926198349862e-06,0.000125876100946698,0.0011786345228756545,1.990481836422475e-06,0.234018924087286,0.03611196580459364,-3.667699894475704,132.8159480860336,80.25566115289426,67.49696284400281,2.1748110650960917,0.8320080493320683,4.781082998010071,88.21881515141231,-2.656792422376573,15.669040898802757,1.0469174098487786,37.7665761923226,1.9387359441644048,11.768127181077936,63.80379992245056,32.06669251647926,22.489336952307095,1.8030244280728964,0.7367196587824738,99.45715393563397,99.68980224893369,57.92943001163241,47.731678945327644,45.79294300116324,18.10779371849554,65.64559906940674,0.5816207832493214,22.877084141139974,3.683598293912369,99.06940674680108,0.0,46.87863512989531,100.0,0.0,3.644823575029081,3.0244280728964714,2.6754556029468786,0.5428460643660333,3.218301667312912,3.4121752617293524,99.84490112446684,12.950756107018224,0.038774718883288095,1.0469174098487786,2.404032570763862,13.60992632803412,0.23264831329972857,26.0566110895696,18.185343156262118,99.84490112446684,97.47964327258627,91.00426521907715,91.54711128344319,99.84490112446684,0.8530438154323381,99.18573090345095,70.14346645986816,57.77433113609926,96.31640170608763,0.34877283651063634
80,generated_from_refactor.sdf_61,CC1=CC(=O)N(C)C(=O)C1N(C)O,generated_from_refactor.sdf,184.19500000000002,-0.37909999999999994,4,1,4.0,0.44554309898015104,1,60.85000000000001,0.2203875832259655,0.9897943139076233,0.9350532531738281,0.014522913005203008,0.021129651926457882,0.26062714159488676,0.0018159333616495133,0.06361412405967712,0.00043325838923919947,0.5298755943775177,0.0009664982499089092,0.27582295089960096,0.13360140174627305,0.5971500515937805,0.9996468901634217,0.0009202419096254744,0.004054388648364693,0.0018928109318949282,0.0013845486479112878,0.0006479232673882507,0.009537549503147603,0.0012995212338864804,0.8786488056182862,0.0026008711603935806,0.011737471586093307,0.00027729006906156427,0.004759112140163779,0.0002781622635666281,0.0026609152322635055,0.8296673178672791,0.0062064462108537555,-4.568092732376848,-3.0640654963987233,-1.3058046227211186,7.069341792809055,-12.954219302719673,2.236944651046122,-0.12444216196547594,51.27957624550758,-0.5331323795305967,8.478775263295901,15.238464521132222,19.464908879410622,46.47150058162078,36.68088406359054,63.80379992245056,39.66653741760372,54.80806514152772,39.395114385420705,55.331523846452114,91.43078712679333,84.6839860411012,37.49515316013959,25.552539744086854,72.35362543621558,13.067080263668089,38.54207056998837,4.110120201628538,54.129507561070184,17.564947654129508,69.44552151996898,57.46413338503296,59.519193485847225,75.84335013571152,10.081426909654905,11.128344319503682,14.695618456766187,17.952694842962387,4.652966265994571,3.334625823962776,28.770841411399765,63.47421481194261,9.654905001938737,11.632415664986429,12.097712291585886,29.662659945715394,5.816207832493214,21.40364482357503,86.89414501744862,5.583559519193486,76.11477316789453,12.795657231485071,26.909654905001936,49.74796432725863,20.70569988367584,31.872818922062812,24.23419930205506,23.148507173322994,88.75533152384645,88.21248545948042,0.3316698610143401
81,generated_from_refactor.sdf_85,C1CCCOCC1,generated_from_refactor.sdf,100.161,1.577,1,0,4.0,0.4487527562520062,0,9.23,0.09126556068658828,0.9972032904624939,0.9748337388038635,0.02116091912612319,0.010517456603702157,0.0993184469640255,0.0025378491649462377,0.2813553258776665,0.00015310975832107942,0.10563641786575317,2.81245675921582e-05,0.32144916653633115,0.0016973537858575583,0.3417319878935814,0.9995567083358765,7.125009300352758e-05,0.0025140763485978824,0.0003014153178810375,0.004209097928833216,0.00022844106833872502,0.006738668959587813,0.0008167160332959611,0.9753932595252991,0.009571693115867674,0.002876023156568408,7.502000492536354e-05,0.0018400418164674192,0.0017446281806769548,0.0003816726921400004,0.7259121537208557,0.12928963326849044,-4.11303428898491,90.65654392768248,34.685328362595,16.388043132308464,-3.0039830454389573,1.557183071619947,1.9760401675178485,49.20865582796564,-0.6066358084619673,8.54539476049554,3.9550213260953857,39.976735168670025,6.649864288483908,11.768127181077936,63.80379992245056,40.0542846064366,22.489336952307095,5.661108956960062,31.523846452113222,97.32454439705312,96.78169833268709,41.837921675067854,16.789453276463746,35.44009305932532,15.742535866614967,73.16789453276463,2.1326095385808452,11.283443195036835,6.5141527723924,74.52500969367972,4.536642109344707,43.11748739821636,74.09848778596356,0.9305932531989143,7.367196587824738,3.722373012795657,29.158588600232648,2.016285381930981,2.791779759596743,23.38115548662272,90.18999612252811,22.41178751454052,2.5591314462970143,6.126405583559519,16.013958898797984,17.215975184179914,7.1345482745250095,78.1698332687088,33.85032958511051,97.0918960837534,87.12679333074836,65.87824738270648,62.93136874757658,95.85110507948818,7.5222954633578905,59.557968204730514,21.442419542458317,87.86351298953082,88.290034897247,0.3278405887468942
82,generated_from_refactor.sdf_66,NCC=O,generated_from_refactor.sdf,59.068,-0.8560000000000001,2,1,4.0,0.3994376503351135,0,43.09,0.7153148114681244,0.7516271829605102,0.8293440699577331,0.055501927807927134,0.06469184309244155,0.06154274083673954,0.023744878871366382,0.26181129813194276,0.0032824784197146074,0.13545775637030602,0.012311501381918787,0.7189958572387696,0.050740638934075835,0.11111181974411011,0.9791424155235291,0.051710440777242184,0.030752916913479568,0.024925273936241867,0.007330531949992292,0.009067132673226296,0.06382817886769772,0.036561896977946165,0.35892223976552484,0.005042206356301903,0.08565788492560386,0.012423722678795457,0.0443476103246212,0.0032214005128480493,0.02974988967180252,0.8867217302322388,0.0467619139701128,-4.777828034819377,10.196308598157731,-42.08450177976944,3.502573477102348,-7.606968597522723,1.674200132482087,-2.3392934441028435,-40.38376719860787,1.028065997285315,-1.1730079191302565,1.667312911981388,16.595579682047305,16.38231872818922,36.68088406359054,63.80379992245056,33.77278014734393,22.489336952307095,25.24234199302055,92.59402869329197,51.37650252035672,55.79682047305157,53.509112058937575,42.22566886390074,22.17913920124079,43.505234587049245,71.53935633966654,13.958898797983714,15.509887553315238,34.23807677394339,96.23885226832105,36.7972082202404,21.94649088794106,36.02171384257464,84.91663435440093,59.71306708026367,50.601008142690965,34.81969755719271,33.69523070957735,35.36254362155874,79.83714618069018,27.956572314850717,15.316013958898797,40.32570763861962,59.44164404808065,73.01279565723148,22.915858860023263,55.64172159751842,92.24505622334237,20.93834819697557,63.008918185343155,23.109732454439705,1.3958898797983714,43.38891043039938,69.83326870880185,9.732454439705311,3.1407522295463357,0.31019775106630476,98.79798371461807,26.909654905001936,0.3229647230830259
83,generated_from_refactor.sdf_87,C=CCC=N,generated_from_refactor.sdf,69.10699999999999,1.21207,1,1,4.0,0.37202441930955565,0,23.85,0.6658864676952362,0.9046720862388611,0.7715846478939057,0.043431635666638616,0.08688937332481146,0.03971138782799244,0.035753900883719325,0.1866889141499996,0.004447549534961581,0.07457871735095978,0.0033021237701177596,0.6731544315814972,0.020984589727595447,0.07421905323863029,0.9762272238731384,0.008658556223963387,0.008878806419670583,0.007363461167551577,0.001114100129052531,0.006841768184676767,0.037253490462899205,0.0021806453150929883,0.4045570194721222,0.0066342016565613445,0.17108368501067162,0.0008296870517369825,0.054143208917230366,0.002769558620639145,0.006509095005458221,0.9073402285575867,0.016278808657079934,-4.843631285466682,-3.7331219239734765,-4.240452461961625,-2.0779048133854823,-3.668847425105109,2.3833695061673845,0.889605993477328,45.69348910571101,0.04019171408348008,-3.04575239783554,2.2489336952307095,35.168670027142305,6.649864288483908,36.68088406359054,63.80379992245056,30.593253198914308,22.489336952307095,11.942613416052733,90.96549050019387,68.28227995347034,46.10314075222954,50.29081039162466,47.111283443195035,14.540519581233035,49.16634354400931,64.4823575029081,16.711903838697168,5.854982551376502,24.81582008530438,94.92051182628926,19.426134160527337,16.09150833656456,34.89724699495929,44.00930593253199,22.683210546723537,31.13609926328034,16.32415664986429,27.336176812718108,16.90577743311361,36.487010469174095,29.623885226832105,18.573090345094997,56.84373788290035,21.442419542458317,75.80457541682823,21.481194261341606,31.75649476541295,93.8348196975572,12.40791004265219,58.278402481582006,12.44668476153548,22.99340829778984,32.64831329972858,93.71849554090733,40.75222954633579,40.480806514152775,18.99961225281117,92.71035284994184,16.362931368747574,0.3093902033341078
84,generated_from_refactor.sdf_4,C1CCOCC1,generated_from_refactor.sdf,86.134,1.1869,1,0,4.0,0.42994002180165675,0,9.23,0.1960810363292694,0.9982043504714966,0.9792330384254455,0.0050646263523958625,0.002919725581887178,0.07464685216546059,0.0008170865880856581,0.26132231652736665,6.962044872125262e-05,0.11096984669566154,8.08974916282068e-06,0.242596797645092,0.0027329435193678363,0.2747971773147583,0.998918604850769,9.388414673594525e-05,0.0020830873923841863,0.0001671594195158832,0.00101517340663122,0.00011492863927742292,0.004598685505334288,0.0003517536159051815,0.9659343600273133,0.005212534742895514,0.0016377339663449675,4.558944867341097e-05,0.00087036372278817,0.0003798451012016812,0.00023657189319976625,0.7025727212429047,0.09169380222447217,-4.090108438439115,80.56199615090236,25.01322473972413,13.754410150603686,-3.3377043728404514,1.5864996349666518,1.406580337582501,38.186752471092504,0.07013422924209509,6.534048700141358,3.2570763861962,35.05234587049244,6.649864288483908,11.768127181077936,63.80379992245056,37.727801473439314,22.489336952307095,5.661108956960062,51.337727801473434,98.21636293136875,97.78984102365257,25.901512214036448,6.203955021326095,26.987204342768514,8.026366808840635,71.53935633966654,0.81426909654905,11.865063978286157,4.2652190771616905,65.21907716169058,5.8937572702597905,38.58084528887166,65.21907716169058,1.3183404420317952,6.010081426909655,2.2877084141139976,15.471112834431949,1.3958898797983714,2.2489336952307095,16.05273361768127,85.84722760759985,15.509887553315238,1.589763474214812,4.963164017060876,9.073284218689414,7.173322993408298,5.312136487010469,76.26987204342768,29.11981388134936,97.3633191159364,82.62892594028693,57.34780922838309,59.75184179914695,95.15316013958899,7.910042652190771,48.933695230709574,12.795657231485071,93.1756494765413,82.16362931368748,0.3048672659196377
85,generated_from_refactor.sdf_7,Cl,generated_from_refactor.sdf,36.461000000000006,0.4218,0,0,4.0,0.3651643237938947,0,0.0,0.8425695180892945,0.9973984599113465,0.9709885954856873,0.0020958659360417187,0.0005830674609114794,0.030512199457734823,0.00010062270564397125,0.11890025879256427,0.025760778074618428,0.12528063207864762,7.4797017320049616e-06,0.7092160940170288,0.0951411984860897,0.058386458083987236,0.9990995049476623,0.0010865413732972229,0.0017650899506406858,0.0001257147812907533,0.00011574766094781807,3.3400265306227086e-05,0.0006847960306913592,1.71581341772864e-05,0.43359305486083033,0.011526138210319914,0.004514352178375702,4.843050897420653e-05,8.453485830273166e-05,8.312379794586655e-05,0.00014979084951391997,0.5900020524859428,0.22259773360565305,-4.360805702731333,11.774625999676102,18.032694908301078,26.768292067246385,-1.4097767048884375,2.9906851185294214,1.7516720298716997,47.199344683032116,0.2653837422578712,3.482449244478876,0.7754943776657619,27.181077937184956,1.9387359441644048,11.768127181077936,63.80379992245056,29.662659945715394,22.489336952307095,1.8030244280728964,95.50213260953858,97.51841799146956,95.85110507948818,17.29352462194649,1.5122140364482357,11.3997673516867,2.2489336952307095,53.27646374563784,39.51143854207057,13.84257464133385,4.187669639395114,95.96742923613803,50.21326095385808,13.532376890267546,67.00271423032183,10.97324544397053,5.428460643660333,1.7836370686312524,5.157037611477317,0.6979449398991857,0.6203955021326095,4.575416828227995,30.670802636680882,24.85459480418767,3.9550213260953857,5.234587049243893,1.8611865063978286,2.2877084141139976,4.187669639395114,65.56804963164016,44.707250872431175,88.87165568049632,24.350523458704924,50.44590926715781,73.74951531601396,98.10003877471888,78.1698332687088,55.447848003101974,20.08530438154323,94.53276463745638,64.71500581620784,0.3016695806070971
86,generated_from_refactor.sdf_22,Cl,generated_from_refactor.sdf,36.461000000000006,0.4218,0,0,4.0,0.3651643237938947,0,0.0,0.8425695180892945,0.9973984599113465,0.9709885954856873,0.0020958659360417187,0.0005830674609114794,0.030512199457734823,0.00010062270564397125,0.11890025879256427,0.025760778074618428,0.12528063207864762,7.4797017320049616e-06,0.7092160940170288,0.0951411984860897,0.058386458083987236,0.9990995049476623,0.0010865413732972229,0.0017650899506406858,0.0001257147812907533,0.00011574766094781807,3.3400265306227086e-05,0.0006847960306913592,1.71581341772864e-05,0.43359305486083033,0.011526138210319914,0.004514352178375702,4.843050897420653e-05,8.453485830273166e-05,8.312379794586655e-05,0.00014979084951391997,0.5900020524859428,0.22259773360565305,-4.360805702731333,11.774625999676102,18.032694908301078,26.768292067246385,-1.4097767048884375,2.9906851185294214,1.7516720298716997,47.199344683032116,0.2653837422578712,3.482449244478876,0.7754943776657619,27.181077937184956,1.9387359441644048,11.768127181077936,63.80379992245056,29.662659945715394,22.489336952307095,1.8030244280728964,95.50213260953858,97.51841799146956,95.85110507948818,17.29352462194649,1.5122140364482357,11.3997673516867,2.2489336952307095,53.27646374563784,39.51143854207057,13.84257464133385,4.187669639395114,95.96742923613803,50.21326095385808,13.532376890267546,67.00271423032183,10.97324544397053,5.428460643660333,1.7836370686312524,5.157037611477317,0.6979449398991857,0.6203955021326095,4.575416828227995,30.670802636680882,24.85459480418767,3.9550213260953857,5.234587049243893,1.8611865063978286,2.2877084141139976,4.187669639395114,65.56804963164016,44.707250872431175,88.87165568049632,24.350523458704924,50.44590926715781,73.74951531601396,98.10003877471888,78.1698332687088,55.447848003101974,20.08530438154323,94.53276463745638,64.71500581620784,0.3016695806070971
87,generated_from_refactor.sdf_22,Cl,generated_from_refactor.sdf,36.461000000000006,0.4218,0,0,4.0,0.3651643237938947,0,0.0,0.8425695180892945,0.9973984599113465,0.9709885954856873,0.0020958659360417187,0.0005830674609114794,0.030512199457734823,0.00010062270564397125,0.11890025879256427,0.025760778074618428,0.12528063207864762,7.4797017320049616e-06,0.7092160940170288,0.0951411984860897,0.058386458083987236,0.9990995049476623,0.0010865413732972229,0.0017650899506406858,0.0001257147812907533,0.00011574766094781807,3.3400265306227086e-05,0.0006847960306913592,1.71581341772864e-05,0.43359305486083033,0.011526138210319914,0.004514352178375702,4.843050897420653e-05,8.453485830273166e-05,8.312379794586655e-05,0.00014979084951391997,0.5900020524859428,0.22259773360565305,-4.360805702731333,11.774625999676102,18.032694908301078,26.768292067246385,-1.4097767048884375,2.9906851185294214,1.7516720298716997,47.199344683032116,0.2653837422578712,3.482449244478876,0.7754943776657619,27.181077937184956,1.9387359441644048,11.768127181077936,63.80379992245056,29.662659945715394,22.489336952307095,1.8030244280728964,95.50213260953858,97.51841799146956,95.85110507948818,17.29352462194649,1.5122140364482357,11.3997673516867,2.2489336952307095,53.27646374563784,39.51143854207057,13.84257464133385,4.187669639395114,95.96742923613803,50.21326095385808,13.532376890267546,67.00271423032183,10.97324544397053,5.428460643660333,1.7836370686312524,5.157037611477317,0.6979449398991857,0.6203955021326095,4.575416828227995,30.670802636680882,24.85459480418767,3.9550213260953857,5.234587049243893,1.8611865063978286,2.2877084141139976,4.187669639395114,65.56804963164016,44.707250872431175,88.87165568049632,24.350523458704924,50.44590926715781,73.74951531601396,98.10003877471888,78.1698332687088,55.447848003101974,20.08530438154323,94.53276463745638,64.71500581620784,0.3016695806070971
88,generated_from_refactor.sdf_7,Cl,generated_from_refactor.sdf,36.461000000000006,0.4218,0,0,4.0,0.3651643237938947,0,0.0,0.8425695180892945,0.9973984599113465,0.9709885954856873,0.0020958659360417187,0.0005830674609114794,0.030512199457734823,0.00010062270564397125,0.11890025879256427,0.025760778074618428,0.12528063207864762,7.4797017320049616e-06,0.7092160940170288,0.0951411984860897,0.058386458083987236,0.9990995049476623,0.0010865413732972229,0.0017650899506406858,0.0001257147812907533,0.00011574766094781807,3.3400265306227086e-05,0.0006847960306913592,1.71581341772864e-05,0.43359305486083033,0.011526138210319914,0.004514352178375702,4.843050897420653e-05,8.453485830273166e-05,8.312379794586655e-05,0.00014979084951391997,0.5900020524859428,0.22259773360565305,-4.360805702731333,11.774625999676102,18.032694908301078,26.768292067246385,-1.4097767048884375,2.9906851185294214,1.7516720298716997,47.199344683032116,0.2653837422578712,3.482449244478876,0.7754943776657619,27.181077937184956,1.9387359441644048,11.768127181077936,63.80379992245056,29.662659945715394,22.489336952307095,1.8030244280728964,95.50213260953858,97.51841799146956,95.85110507948818,17.29352462194649,1.5122140364482357,11.3997673516867,2.2489336952307095,53.27646374563784,39.51143854207057,13.84257464133385,4.187669639395114,95.96742923613803,50.21326095385808,13.532376890267546,67.00271423032183,10.97324544397053,5.428460643660333,1.7836370686312524,5.157037611477317,0.6979449398991857,0.6203955021326095,4.575416828227995,30.670802636680882,24.85459480418767,3.9550213260953857,5.234587049243893,1.8611865063978286,2.2877084141139976,4.187669639395114,65.56804963164016,44.707250872431175,88.87165568049632,24.350523458704924,50.44590926715781,73.74951531601396,98.10003877471888,78.1698332687088,55.447848003101974,20.08530438154323,94.53276463745638,64.71500581620784,0.3016695806070971
89,generated_from_refactor.sdf_59,C1COCO1,generated_from_refactor.sdf,74.079,-0.009299999999999975,2,0,4.0,0.4020858486861461,0,18.46,0.42020089030265806,0.9981444597244262,0.9843760848045349,0.09239558317403862,0.021651350456522778,0.042897343449294564,0.00250231413228903,0.1281663586385548,4.758591861107053e-05,0.15471263267099858,1.3303335047964993e-05,0.09392811888828874,0.005694321131886682,0.4412512332201004,0.9981619715690613,0.0007486248568511656,0.0012835259232815588,0.0003884189353811962,0.0007605028356920229,0.0001881881658611917,0.005388058906100923,0.0005810708543094734,0.9551865935325623,0.002223746522940928,0.004991095187142492,0.00020302454542644454,0.0009537080379232066,0.0003747999312565753,0.00041388611140860123,0.8316258788108826,0.04233888960152399,-4.326622573280274,58.81695921075436,-3.964878132289214,5.692875767610014,-5.495690405700236,1.3896439005256043,0.5181588038323569,24.4681838061794,0.8184000714574928,0.50949622308747,2.365257851880574,22.60566110895696,16.38231872818922,11.768127181077936,63.80379992245056,34.082977898410235,22.489336952307095,8.801861186506397,77.39433889104303,98.17758821248546,98.91430787126794,59.05389685924777,26.01783637068631,15.820085304381543,15.626211709965101,55.292749127568825,0.6979449398991857,17.75882124854595,5.350911205893757,35.63396665374176,8.76308646762311,50.32958511050795,59.13144629701434,8.491663435440092,4.110120201628538,4.381543233811555,13.60992632803412,1.9775106630476929,2.404032570763862,20.279177975959673,81.77588212485459,8.530438154323381,4.226444358278402,10.158976347421481,9.732454439705311,7.095773555641721,7.483520744474602,87.24311748739821,19.813881349360216,90.11244668476154,69.67816983326871,23.41993020550601,47.49903063202792,86.15742535866615,4.808065141527724,34.78092283830942,7.212097712291586,98.33268708801862,41.023652578518806,0.2892793104578942
90,generated_from_refactor.sdf_8,N=C1CC(=O)C=CC1O,generated_from_refactor.sdf,125.12699999999995,-0.10393000000000008,3,2,4.0,0.47440851712702686,1,61.150000000000006,0.09481185236945748,0.7312565505504608,0.6148152709007263,0.007779672369360923,0.016571602318435907,0.08352113412693143,0.004142597946338355,0.029271985962986947,0.0028027349966578186,0.08902756199240684,0.00032561490925218093,0.0781765706371516,0.03986300388351083,0.28412766829133035,0.9829415678977966,0.047157760336995126,0.07353466525673866,0.006092953402549029,0.0011597516626352445,0.0035421189153566957,0.03399074282497168,0.0014231327106244863,0.2640012465417385,0.0182834344683215,0.08312139436602592,0.0005948373767751036,0.022997104097157717,0.003656218555988744,0.009411058260593564,0.6436224341392517,0.0025537801324389876,-5.443250291208125,-20.452192790954953,-27.329996908262718,6.714861739207524,-14.03086824405643,2.5435664899185313,-0.11704303441152501,36.630741826137054,-0.7615124181981118,0.8233496634399643,5.738658394726638,21.868941450174486,31.17487398216363,60.85692128732067,63.80379992245056,43.81543233811555,54.80806514152772,39.433889104303994,32.221791392012406,49.20511826289259,27.142303218301667,30.78712679333075,22.83830942225669,30.438154323381156,20.666925164792556,21.675067855758044,12.795657231485071,8.33656455990694,12.873206669251648,30.438154323381156,31.678945327646375,39.0849166343544,37.4563784412563,83.83094222566886,82.12485459480419,28.07289647150058,16.595579682047305,16.634354400930594,14.540519581233035,29.817758821248546,24.156649864288482,30.632027917797593,39.70531213648701,17.836370686312524,59.86816595579682,23.65257851880574,36.7972082202404,70.76386196200077,2.44280728964715,25.43621558743699,6.048856145792943,4.924389298177588,49.05001938735944,14.03644823575029,51.10507948817371,24.311748739821635,12.136487010469175,86.46762310973246,43.42768514928267,0.26321825970568097
91,generated_from_refactor.sdf_78,O=C1CC=CC=N1,generated_from_refactor.sdf,95.101,0.5437,1,0,4.0,0.43153299075234863,0,29.43,0.10190872056409717,0.9665677428245545,0.6145825028419495,0.0019768759226280962,0.008450153830926866,0.05210932455956936,0.0008533415664260247,0.028308872319757938,0.0035549275373341514,0.26199042797088623,5.213305765892073e-05,0.06880047656595707,0.014254501438699663,0.5307140707969665,0.9921766877174377,0.003132888552499935,0.022628806717693805,0.0015630364323442336,0.0006867350995889865,0.0013266529567772523,0.04743160493671894,9.499838494093637e-05,0.5323387369513511,0.012178769544698298,0.01685403408482671,7.410148820667928e-05,0.0033762501640012487,0.0014426112989895045,0.0009929523133905605,0.7569451451301574,0.0021587915580312256,-4.102634216812941,-22.302074542602146,32.57754909638929,-10.513639499745004,-7.5688984349305155,2.508307793644595,0.8108064872221391,34.51925964890101,-0.0455603349638249,-3.091848948854989,3.683598293912369,28.421868941450175,6.649864288483908,11.768127181077936,63.80379992245056,37.84412563008918,22.489336952307095,14.424195424583171,33.85032958511051,80.8065141527724,27.142303218301667,16.67312911981388,14.540519581233035,18.8832880961613,8.1426909654905,21.054672353625435,14.46297014346646,29.54633578906553,7.599844901124467,27.413726250484682,14.928266770065918,55.52539744086855,43.73788290034897,23.575029081039162,48.66227219852656,13.0283055447848,12.950756107018224,7.5610701822411785,24.81582008530438,9.18960837533928,35.47886777820861,25.707638619620006,14.85071733229934,6.126405583559519,23.80767739433889,15.548662272198527,12.640558355951919,80.06979449398992,2.093834819697557,97.20822024040325,5.195812330360605,63.97828615742536,18.766963939511438,70.22101589763474,48.62349747964327,39.12369135323769,11.3997673516867,92.01240791004265,16.09150833656456,0.2511463924542407
92,generated_from_refactor.sdf_69,CC1NCCC1=N,generated_from_refactor.sdf,98.149,0.38797000000000026,2,2,4.0,0.4513907704830769,1,35.88,0.4604899987578392,0.6524149119853974,0.8756226420402526,0.0007028141106275143,0.008599731663707644,0.056530306860804555,0.0006623967526138586,0.2063695415854454,0.0014015154622029514,0.17422216907143592,0.00010037649606431387,0.11630651615560055,0.029537063837051392,0.024871421791613103,0.8069279283285141,0.002191065240185708,0.019477459136396646,0.0036433370085433127,0.00023484599578296183,0.004179709311574698,0.12848266661167146,0.00013653279170284806,0.37019923105835917,0.00035106411269225646,0.011174720409326256,0.0001544386958812538,0.0010995884898875375,3.002126688897988e-05,0.0008165424864273518,0.9148040413856506,0.03151356745511293,-5.4158959966957445,-8.549468681688372,-37.7974988089895,-6.341057242865383,-9.45217606254017,2.368783365465157,-0.9116214222509861,-0.22092299901057116,0.7080878169659317,-3.6169174313087553,3.8774718883288095,26.987204342768514,16.38231872818922,60.85692128732067,63.80379992245056,40.4032570763862,54.80806514152772,18.495540907328422,80.34121752617293,42.22566886390074,66.42109344707251,9.422256688639006,14.695618456766187,20.511826289259403,6.824350523458705,66.61496704148895,8.375339278790229,20.78324932144242,9.073284218689414,42.303218301667314,25.901512214036448,6.630476929042264,22.915858860023263,17.68127181077937,43.77665761923226,21.1709965102753,7.638619620007755,19.038386971694454,65.41295075610702,10.507948817371073,28.576967816983327,1.1244668476153548,11.167119038386971,8.56921287320667,11.167119038386971,1.3571151609150833,11.128344319503682,94.49398991857309,17.254749903063203,26.754556029468787,10.35284994183792,1.8999612252811167,25.358666149670412,52.07444746025591,39.860411012020165,13.726250484683986,1.8611865063978286,97.78984102365257,13.377278014734394,0.23373663606234238
93,generated_from_refactor.sdf_11,CC(O)CO,generated_from_refactor.sdf,76.095,-0.6405000000000001,2,2,4.0,0.43583499661104974,1,40.46,0.07380826314911246,0.6379698872566223,0.5389248192310333,0.0012808836007025092,0.002056510363763664,0.04823184385895729,0.0012771591573255137,0.04230486736632884,0.0002921117878941004,0.09268368817865849,1.5025818524350142e-05,0.25354938954114914,0.001963324048847426,0.02011758703738451,0.9575382113456726,0.0024879186355974527,0.004833543137647211,0.0003420855262447731,0.000223142353570438,0.0027056922961492093,0.025451282411813735,0.0004843151988097816,0.26487345322966577,0.00533807587926276,0.021040160721167923,4.961967336214457e-05,0.0014003157150000334,0.0017065594001905993,0.00027720387206500165,0.1871257469058037,0.00775998199096648,-4.6077087276927715,14.835841677179712,-17.25075159723462,-0.05806309002639729,-10.06179952743825,0.8905524367665706,-0.17150953701672944,11.327776513950639,1.184880674352239,2.153813384912462,2.5979061651803024,17.642497091896082,16.38231872818922,60.85692128732067,63.80379992245056,38.54207056998837,54.80806514152772,23.070957735556416,26.87088018611865,41.023652578518806,21.519968980224892,13.0283055447848,4.459092671578131,17.448623497479645,10.39162466072121,30.050407134548273,2.9468786351298952,8.801861186506397,5.583559519193486,66.65374176037224,4.808065141527724,5.777433113609926,31.291198138813492,19.50368359829391,12.989530825901511,4.07134548274525,7.483520744474602,13.64870104691741,9.344707250872432,18.573090345094997,24.156649864288482,15.781310585498254,17.29352462194649,5.273361768127181,13.493602171384257,17.13842574641334,5.816207832493214,18.650639782861575,7.056998836758433,73.40054284606437,27.6851492826677,10.856921287320667,37.068631252423415,45.5990694067468,1.0469174098487786,23.497479643272584,3.295851105079488,99.26328034121752,55.17642497091896,0.19796349846575606
