RMSE,MAE,Pearson_r,Spearman_r
1.1862355115716208,0.9648519081022624,0.5391781090936228,0.5348120017427999
1.1880716958291906,0.9672206338748492,0.5270931554360305,0.516958677357492
1.1899849402237936,0.9667070720549986,0.5375288197978956,0.528861808680878
1.183464435920008,0.9631310047951647,0.535965125296191,0.529983851579065
1.1968139387012273,0.9715705235642971,0.5276705696348939,0.524354473654865
